product_id,title,rating,initial_price,discount,final_price,seller_name,category,discount_amount,total_amount
9136281,Tommy Hilfiger,4.5,2899,35.0,2899.0,Unknown,backpacks,0.0,2899.0
17633752,Lavie,4.4,2999,65.0,2999.0,Unknown,backpacks,0.0,2999.0
1376949,F Gear,4.4,1675,52.0,1675.0,Unknown,backpacks,0.0,1675.0
13939916,MYTRIDENT,4.7,2899,17.0,2899.0,Unknown,bath-robe,0.0,2899.0
17198778,H&M,4.5,1399,0.0,1399.0,H &‚Ėą‚Ėą‚ĖąHen‚Ėą‚Ėą‚Ėą & ‚Ėą‚Ėą‚Ėą‚Ėą‚Ėą‚Ėą‚Ėą‚Ėą‚Ėąeta‚Ėą‚Ėą‚Ėą‚Ėą‚Ėą‚Ėą‚Ėą‚Ėą‚Ėą‚Ėą‚Ėą‚Ėą‚Ėą‚Ėą‚Ėą‚Ėą‚Ėą‚Ėą‚Ėą‚Ėą‚Ėą,bathroom-accessories,0.0,1399.0
18602872,My Room,4.7,2999,54.0,2999.0,Unknown,bedsheets,0.0,2999.0
18602850,My Room,4.5,2999,54.0,2999.0,Unknown,bedsheets,0.0,2999.0
8430275,MYTRIDENT,4.4,2199,46.0,2199.0,Unknown,bedsheets,0.0,2199.0
19788630,Home Ecstasy,4.5,1199,42.0,1199.0,Unknown,bedsheets,0.0,1199.0
18346134,Arrabi,4.3,6329,76.0,6329.0,Unknown,bedsheets,0.0,6329.0
18985918,Tommy Hilfiger,4.1,2999,40.0,1799.0,PVH‚Ėą‚Ėą‚ĖąVIN‚Ėą‚Ėą‚ĖąASH‚Ėą‚Ėą‚Ėą‚Ėą‚Ėą‚Ėą‚Ėą‚Ėą‚ĖąTE ‚Ėą‚Ėą‚Ėą‚Ėą‚Ėą‚Ėą‚Ėą‚Ėą‚Ėą‚Ėą‚Ėą‚Ėą‚Ėą‚Ėą‚Ėą,bodysuit,1200.0,1799.0
22120138,Ed-a-Mamma Baby,4.2,999,30.0,699.0,ETE‚Ėą‚Ėą‚ĖąLIA‚Ėą‚Ėą‚ĖąEAT‚Ėą‚Ėą‚Ėą‚Ėą‚Ėą‚Ėą‚Ėą‚Ėą‚ĖąCHA‚Ėą‚Ėą‚Ėą‚Ėą‚Ėą‚Ėą‚Ėą‚Ėą‚Ėą‚Ėą‚Ėą‚Ėą‚Ėą‚Ėą‚Ėą‚Ėą‚Ėą‚Ėą‚Ėą‚Ėą‚ĖąED,bodysuit,300.0,699.0
21427828,London Rag,5.0,9599,60.0,3839.0,VOL‚Ėą‚Ėą‚ĖąFAS‚Ėą‚Ėą‚ĖąN P‚Ėą‚Ėą‚Ėą‚Ėą‚Ėą‚Ėą‚Ėą‚Ėą‚Ėą,boots,5760.0,3839.0
17372928,The Souled Store,4.5,799,54.0,367.0,THE‚Ėą‚Ėą‚ĖąULE‚Ėą‚Ėą‚ĖąTOR‚Ėą‚Ėą‚Ėą‚Ėą‚Ėą‚Ėą‚Ėą‚Ėą‚ĖąD.,boxers,432.0,367.0
15115018,Jockey,4.4,579,0.0,579.0,Tru‚Ėą‚Ėą‚Ėąm R‚Ėą‚Ėą‚Ėąil,bra,0.0,579.0
19219450,Susie,4.3,749,50.0,374.0,GEN‚Ėą‚Ėą‚ĖąAD ‚Ėą‚Ėą‚ĖąAIL‚Ėą‚Ėą‚Ėą‚Ėą‚Ėą‚Ėą‚Ėą‚Ėą‚ĖąLIM‚Ėą‚Ėą‚Ėą‚Ėą‚Ėą‚Ėą,bra,375.0,374.0
22196924,Zivame,4.3,999,50.0,499.0,MIL‚Ėą‚Ėą‚ĖąAR ‚Ėą‚Ėą‚ĖąAIL‚Ėą‚Ėą‚Ėą‚Ėą‚Ėą‚Ėą‚Ėą‚Ėą‚ĖąLIM‚Ėą‚Ėą‚Ėą‚Ėą‚Ėą‚Ėą,bra,500.0,499.0
19277544,Marks & Spencer,4.3,2999,60.0,2249.0,Ret‚Ėą‚Ėą‚ĖąNet‚Ėą‚Ėą‚Ėą,bra,750.0,2249.0
18223842,max,4.1,449,20.0,449.0,Unknown,bra,0.0,449.0
18656766,VStar,4.6,345,0.0,345.0,V S‚Ėą‚Ėą‚Ėą CR‚Ėą‚Ėą‚ĖąION‚Ėą‚Ėą‚Ėą‚Ėą‚Ėą‚Ėą‚Ėą‚Ėą‚Ėą,bra,0.0,345.0
18656764,VStar,4.3,345,0.0,345.0,V S‚Ėą‚Ėą‚Ėą CR‚Ėą‚Ėą‚ĖąION‚Ėą‚Ėą‚Ėą‚Ėą‚Ėą‚Ėą‚Ėą‚Ėą‚Ėą,bra,0.0,345.0
13523458,shyaway,4.3,2547,52.0,2547.0,Unknown,bra,0.0,2547.0
18652628,max,4.2,649,20.0,649.0,Unknown,bra,0.0,649.0
17774350,Zivame,4.2,995,50.0,995.0,Unknown,bra,0.0,995.0
16704504,ZINU,4.1,699,45.0,384.0,SAN‚Ėą‚Ėą‚ĖąUNE‚Ėą‚Ėą‚Ėą,bracelet,315.0,384.0
21873792,KARATCART,4.6,3397,76.0,815.0,KOK‚Ėą‚Ėą‚ĖąV G‚Ėą‚Ėą‚ĖąAL ‚Ėą‚Ėą‚Ėą‚Ėą‚Ėą‚Ėą‚Ėą‚Ėą‚Ėą,bracelet,2582.0,815.0
21573578,Jewels Galaxy,4.2,1329,77.0,305.0,RS ‚Ėą‚Ėą‚Ėąels‚Ėą‚Ėą‚Ėą,bracelet,1024.0,305.0
16696094,Van Heusen,4.6,649,0.0,649.0,Wes‚Ėą‚Ėą‚Ėąry ‚Ėą‚Ėą‚Ėądin‚Ėą‚Ėą‚Ėą‚Ėą‚Ėą‚Ėą‚Ėą‚Ėą‚Ėąd_M‚Ėą‚Ėą‚Ėą‚Ėą‚Ėą‚Ėą,briefs,0.0,649.0
21867416,DressBerry,4.1,299,28.0,215.0,VAC‚Ėą‚Ėą‚ĖąCRE‚Ėą‚Ėą‚ĖąONS‚Ėą‚Ėą‚Ėą,briefs,84.0,215.0
21850852,Soie,4.9,390,5.0,370.0,GIN‚Ėą‚Ėą‚ĖąIND‚Ėą‚Ėą‚ĖąRIE‚Ėą‚Ėą‚Ėą‚Ėą‚Ėą‚Ėą‚Ėą‚Ėą‚Ėą,briefs,20.0,370.0
21569986,Chromozome,4.2,1199,40.0,395.0,Sup‚Ėą‚Ėą‚Ėąom ‚Ėą‚Ėą‚Ėą,briefs,804.0,395.0
22196594,Zoiro,5.0,499,0.0,499.0,J.G‚Ėą‚Ėą‚ĖąOSI‚Ėą‚Ėą‚Ėą PR‚Ėą‚Ėą‚Ėą‚Ėą‚Ėą‚Ėą‚Ėą‚Ėą‚ĖąITE‚Ėą‚Ėą‚Ėą,briefs,0.0,499.0
22196914,Zivame,4.6,799,50.0,399.0,MIL‚Ėą‚Ėą‚ĖąAR ‚Ėą‚Ėą‚ĖąAIL‚Ėą‚Ėą‚Ėą‚Ėą‚Ėą‚Ėą‚Ėą‚Ėą‚ĖąLIM‚Ėą‚Ėą‚Ėą‚Ėą‚Ėą‚Ėą,briefs,400.0,399.0
21906602,bummer,4.6,599,25.0,449.0,BAL‚Ėą‚Ėą‚ĖąAPP‚Ėą‚Ėą‚ĖąLS ‚Ėą‚Ėą‚Ėą‚Ėą‚Ėą‚Ėą‚Ėą‚Ėą‚ĖąIMI‚Ėą‚Ėą‚Ėą‚Ėą‚Ėą‚Ėą,briefs,150.0,449.0
13889998,XYXX,4.1,249,0.0,249.0,XYX‚Ėą‚Ėą‚ĖąPPA‚Ėą‚Ėą‚ĖąS P‚Ėą‚Ėą‚Ėą‚Ėą‚Ėą‚Ėą‚Ėą‚Ėą‚ĖąMIT‚Ėą‚Ėą‚Ėą‚Ėą‚Ėą‚Ėą‚Ėą‚Ėą‚Ėą‚Ėą‚Ėą‚Ėą,briefs,0.0,249.0
22436508,Bruchi CLUB,5.0,888,65.0,310.0,BRU‚Ėą‚Ėą‚Ėą CL‚Ėą‚Ėą‚ĖąAPP‚Ėą‚Ėą‚Ėą‚Ėą‚Ėą‚Ėą‚Ėą‚Ėą‚ĖąATE‚Ėą‚Ėą‚Ėą‚Ėą‚Ėą‚Ėą‚Ėą‚Ėą‚Ėą,briefs,578.0,310.0
18882294,VStar,4.8,265,0.0,265.0,V S‚Ėą‚Ėą‚Ėą CR‚Ėą‚Ėą‚ĖąION‚Ėą‚Ėą‚Ėą‚Ėą‚Ėą‚Ėą‚Ėą‚Ėą‚Ėą,camisoles,0.0,265.0
16281444,Bharatasya,4.3,699,68.0,223.0,VR ‚Ėą‚Ėą‚Ėąign‚Ėą‚Ėą‚Ėą,caps,476.0,223.0
18506050,Bata,4.4,1199,55.0,539.0,Bat‚Ėą‚Ėą‚Ėąndi‚Ėą‚Ėą‚Ėąimi‚Ėą‚Ėą‚Ėą‚Ėą‚Ėą‚Ėą,casual-shoes,660.0,539.0
21903832,U.S. Polo Assn.,4.1,4299,25.0,3224.0,ARV‚Ėą‚Ėą‚Ėą LI‚Ėą‚Ėą‚ĖąTYL‚Ėą‚Ėą‚Ėą‚Ėą‚Ėą‚Ėą‚Ėą‚Ėą‚ĖąLIM‚Ėą‚Ėą‚Ėą‚Ėą‚Ėą‚Ėą,casual-shoes,1075.0,3224.0
21321784,San Frissco,4.3,5995,72.0,1678.0,ARY‚Ėą‚Ėą‚Ėą FO‚Ėą‚Ėą‚ĖąEAR‚Ėą‚Ėą‚Ėą‚Ėą‚Ėą‚Ėą‚Ėą‚Ėą‚ĖąPVT‚Ėą‚Ėą‚Ėą‚Ėą‚Ėą‚Ėą,casual-shoes,4317.0,1678.0
21497770,Puma,4.1,4999,55.0,2249.0,Pum‚Ėą‚Ėą‚Ėąpor‚Ėą‚Ėą‚ĖąInd‚Ėą‚Ėą‚Ėą‚Ėą‚Ėą‚Ėą‚Ėą‚Ėą‚Ėątd.‚Ėą‚Ėą‚Ėą‚Ėą‚Ėą‚Ėą‚Ėą‚Ėą‚Ėą,casual-shoes,2750.0,2249.0
18489168,TOMS,4.3,4999,0.0,4999.0,V R‚Ėą‚Ėą‚Ėąil ‚Ėą‚Ėą‚Ėą Lt‚Ėą‚Ėą‚Ėą,casual-shoes,0.0,4999.0
17312062,Clarks,4.6,6999,50.0,6999.0,CLA‚Ėą‚Ėą‚Ėą RE‚Ėą‚Ėą‚ĖąNCE‚Ėą‚Ėą‚Ėą‚Ėą‚Ėą‚Ėą‚Ėą‚Ėą‚Ėą PV‚Ėą‚Ėą‚Ėą‚Ėą‚Ėą‚Ėą,casual-shoes,0.0,6999.0
16284648,Crew STREET,4.1,3099,55.0,1394.0,Sup‚Ėą‚Ėą‚Ėąom ‚Ėą‚Ėą‚Ėą,casual-shoes,1705.0,1394.0
19103830,PUMA Motorsport,4.5,6999,55.0,4199.0,Sup‚Ėą‚Ėą‚Ėąom ‚Ėą‚Ėą‚Ėą,casual-shoes,2800.0,4199.0
21937664,Cortina,4.7,2598,64.0,935.0,Bha‚Ėą‚Ėą‚Ėąvna‚Ėą‚Ėą‚ĖąImp‚Ėą‚Ėą‚Ėą‚Ėą‚Ėą‚Ėą‚Ėą‚Ėą‚Ėąect‚Ėą‚Ėą‚Ėą,chair-cover,1663.0,935.0
16712992,Cutiekins,4.1,1999,70.0,719.0,CUT‚Ėą‚Ėą‚ĖąINS‚Ėą‚Ėą‚ĖąIVA‚Ėą‚Ėą‚Ėą‚Ėą‚Ėą‚Ėą‚Ėą‚Ėą‚ĖąD,clothing-set,1280.0,719.0
21836198,Nottie Planet,4.5,449,30.0,314.0,MOO‚Ėą‚Ėą‚Ėą FA‚Ėą‚Ėą‚ĖąONS‚Ėą‚Ėą‚Ėą‚Ėą‚Ėą‚Ėą‚Ėą‚Ėą‚Ėą,clothing-set,135.0,314.0
18193844,Rubans,4.1,1980,75.0,1980.0,Unknown,clutches,0.0,1980.0
16694464,Ahalyaa,4.1,5000,66.0,1700.0,UDA‚Ėą‚Ėą‚ĖąASH‚Ėą‚Ėą‚Ėą,co-ords,3300.0,1700.0
18494054,Home Sizzler,4.3,799,40.0,399.0,Fla‚Ėą‚Ėą‚Ėąech‚Ėą‚Ėą‚Ėątai‚Ėą‚Ėą‚Ėą,curtains-and-sheers,400.0,399.0
16185546,ellementry,5.0,1750,0.0,1750.0,Dil‚Ėą‚Ėą‚Ėą Es‚Ėą‚Ėą‚Ėątia‚Ėą‚Ėą‚Ėą‚Ėą‚Ėą‚Ėą‚Ėą‚Ėą‚Ėąd,cutlery,0.0,1750.0
21426422,Trendyol,4.1,4399,45.0,2419.0,Sup‚Ėą‚Ėą‚Ėąom ‚Ėą‚Ėą‚Ėą,dresses,1980.0,2419.0
21238004,COVER STORY,4.8,3490,40.0,2094.0,Cov‚Ėą‚Ėą‚ĖąSto‚Ėą‚Ėą‚ĖąClo‚Ėą‚Ėą‚Ėą‚Ėą‚Ėą‚Ėą‚Ėą‚Ėą‚Ėąite‚Ėą‚Ėą‚Ėą,dresses,1396.0,2094.0
21664974,Label Ritu Kumar,4.6,4500,30.0,3150.0,REL‚Ėą‚Ėą‚ĖąCE ‚Ėą‚Ėą‚ĖąU K‚Ėą‚Ėą‚Ėą‚Ėą‚Ėą‚Ėą‚Ėą‚Ėą‚ĖąATE‚Ėą‚Ėą‚Ėą‚Ėą‚Ėą‚Ėą‚Ėą‚Ėą‚Ėą,dresses,1350.0,3150.0
22004792,WoowZerz,4.8,2495,50.0,1247.0,Man‚Ėą‚Ėą‚Ėą Fa‚Ėą‚Ėą‚Ėąona‚Ėą‚Ėą‚Ėą‚Ėą‚Ėą‚Ėą,dresses,1248.0,1247.0
18962984,Athena,4.3,2499,68.0,799.0,APE‚Ėą‚Ėą‚ĖąPPA‚Ėą‚Ėą‚ĖąS,dresses,1700.0,799.0
18977246,AURELIA,4.1,4299,59.0,1750.0,Esh‚Ėą‚Ėą‚Ėąox ‚Ėą‚Ėą‚Ėąmme‚Ėą‚Ėą‚Ėą‚Ėą‚Ėą‚Ėą‚Ėą‚Ėą‚Ėątd,dresses,2549.0,1750.0
18962990,Athena,4.2,2499,66.0,849.0,APE‚Ėą‚Ėą‚ĖąPPA‚Ėą‚Ėą‚ĖąS,dresses,1650.0,849.0
18956684,Forevermore,4.2,1599,0.0,1599.0,Ami‚Ėą‚Ėą‚Ėąnte‚Ėą‚Ėą‚Ėąise‚Ėą‚Ėą‚Ėą,dresses,0.0,1599.0
18981160,Amydus,4.7,2799,0.0,2799.0,BEG‚Ėą‚Ėą‚Ėą01 ‚Ėą‚Ėą‚ĖąEST‚Ėą‚Ėą‚Ėą‚Ėą‚Ėą‚Ėą,dresses,0.0,2799.0
18962952,Athena,4.2,2799,60.0,1119.0,Ape‚Ėą‚Ėą‚Ėąppa‚Ėą‚Ėą‚Ėąs -‚Ėą‚Ėą‚Ėą‚Ėą‚Ėą‚Ėą,dresses,1680.0,1119.0
15788324,Tokyo Talkies,4.2,1399,53.0,475.0,Vis‚Ėą‚Ėą‚Ėą St‚Ėą‚Ėą‚Ėą,dresses,924.0,475.0
15691070,QUIERO,4.1,2820,65.0,987.0,Per‚Ėą‚Ėą‚Ėąnkl‚Ėą‚Ėą‚Ėąesi‚Ėą‚Ėą‚Ėą‚Ėą‚Ėą‚Ėą,dresses,1833.0,987.0
13770986,all about you,4.2,2999,0.0,2999.0,Unknown,dresses,0.0,2999.0
17592092,U&F,4.1,2899,74.0,753.0,SVP‚Ėą‚Ėą‚ĖąXPO‚Ėą‚Ėą‚Ėą PR‚Ėą‚Ėą‚Ėą‚Ėą‚Ėą‚Ėą‚Ėą‚Ėą‚ĖąITE‚Ėą‚Ėą‚Ėą,dresses,2146.0,753.0
17661682,Tokyo Talkies,4.1,1549,61.0,340.0,Vis‚Ėą‚Ėą‚Ėą St‚Ėą‚Ėą‚Ėą,dresses,1209.0,340.0
17692718,Style Quotient,4.8,1599,69.0,495.0,Kri‚Ėą‚Ėą‚Ėąn S‚Ėą‚Ėą‚Ėąhet‚Ėą‚Ėą‚Ėą‚Ėą‚Ėą‚Ėą‚Ėą‚Ėą‚Ėątd,dresses,1104.0,495.0
17194598,Tokyo Talkies,4.3,1749,65.0,437.0,Vis‚Ėą‚Ėą‚Ėą St‚Ėą‚Ėą‚Ėą,dresses,1312.0,437.0
17194592,Tokyo Talkies,4.1,1749,65.0,367.0,Vis‚Ėą‚Ėą‚Ėą St‚Ėą‚Ėą‚Ėą,dresses,1382.0,367.0
18207478,Tokyo Talkies,4.1,699,60.0,279.0,Vis‚Ėą‚Ėą‚Ėą St‚Ėą‚Ėą‚Ėą,dresses,420.0,279.0
18996672,Bella Moda,4.6,2017,70.0,605.0,SHI‚Ėą‚Ėą‚ĖąTRA‚Ėą‚Ėą‚ĖąS,dresses,1412.0,605.0
19213200,Label Ritu Kumar,4.8,5200,40.0,3120.0,REL‚Ėą‚Ėą‚ĖąCE ‚Ėą‚Ėą‚ĖąU K‚Ėą‚Ėą‚Ėą‚Ėą‚Ėą‚Ėą‚Ėą‚Ėą‚ĖąATE‚Ėą‚Ėą‚Ėą‚Ėą‚Ėą‚Ėą‚Ėą‚Ėą‚Ėą,dresses,2080.0,3120.0
19987092,Vastralay,4.2,2999,78.0,659.0,ASH‚Ėą‚Ėą‚Ėą PR‚Ėą‚Ėą‚ĖąS,dresses,2340.0,659.0
10054817,Veni Vidi Vici,4.3,1890,60.0,756.0,NYM‚Ėą‚Ėą‚ĖąEA ‚Ėą‚Ėą‚ĖąHIO‚Ėą‚Ėą‚Ėą‚Ėą‚Ėą‚Ėą‚Ėą‚Ėą‚Ėą PR‚Ėą‚Ėą‚Ėą‚Ėą‚Ėą‚Ėą‚Ėą‚Ėą‚Ėą‚Ėą‚Ėą‚Ėą‚Ėą‚Ėą‚Ėą,dresses,1134.0,756.0
10054855,Veni Vidi Vici,4.2,1890,60.0,756.0,NYM‚Ėą‚Ėą‚ĖąEA ‚Ėą‚Ėą‚ĖąHIO‚Ėą‚Ėą‚Ėą‚Ėą‚Ėą‚Ėą‚Ėą‚Ėą‚Ėą PR‚Ėą‚Ėą‚Ėą‚Ėą‚Ėą‚Ėą‚Ėą‚Ėą‚Ėą‚Ėą‚Ėą‚Ėą‚Ėą‚Ėą‚Ėą,dresses,1134.0,756.0
10691426,SASSAFRAS,4.5,2199,65.0,769.0,ARD‚Ėą‚Ėą‚Ėą Re‚Ėą‚Ėą‚Ėąl C‚Ėą‚Ėą‚Ėą,dresses,1430.0,769.0
18963006,Athena,4.3,2499,68.0,799.0,APE‚Ėą‚Ėą‚ĖąPPA‚Ėą‚Ėą‚ĖąS,dresses,1700.0,799.0
19513066,Stylecast X Hersheinbox,4.5,2559,54.0,2559.0,Unknown,dresses,0.0,2559.0
18975316,Berrylush,4.2,3200,74.0,640.0,Sup‚Ėą‚Ėą‚Ėąom ‚Ėą‚Ėą‚Ėą,dresses,2560.0,640.0
21242962,Tommy Hilfiger,4.4,5999,40.0,5699.0,Fla‚Ėą‚Ėą‚Ėąech‚Ėą‚Ėą‚Ėątai‚Ėą‚Ėą‚Ėą,dresses,300.0,5699.0
21653646,ONLY,4.6,3299,60.0,1319.0,ONL‚Ėą‚Ėą‚ĖąETA‚Ėą‚Ėą‚ĖąPVT‚Ėą‚Ėą‚Ėą‚Ėą‚Ėą‚Ėą,dresses,1980.0,1319.0
20022902,Slenor,4.4,3599,59.0,1475.0,Sle‚Ėą‚Ėą‚Ėą Ap‚Ėą‚Ėą‚Ėąels‚Ėą‚Ėą‚Ėą,dresses,2124.0,1475.0
20046216,YK Disney,5.0,999,67.0,329.0,CRO‚Ėą‚Ėą‚ĖąOAD‚Ėą‚Ėą‚ĖąLOT‚Ėą‚Ėą‚Ėą‚Ėą‚Ėą‚Ėą‚Ėą‚Ėą‚ĖąLTD‚Ėą‚Ėą‚Ėą,dresses,670.0,329.0
22590642,YU by Pantaloons,4.8,1499,52.0,719.0,Wes‚Ėą‚Ėą‚Ėąry ‚Ėą‚Ėą‚Ėądin‚Ėą‚Ėą‚Ėą‚Ėą‚Ėą‚Ėą‚Ėą‚Ėą‚Ėąd_P‚Ėą‚Ėą‚Ėą‚Ėą‚Ėą‚Ėą‚Ėą‚Ėą‚Ėą‚Ėą‚Ėą‚Ėą,dresses,780.0,719.0
13572604,Tokyo Talkies,4.2,1799,63.0,1799.0,Unknown,dresses,0.0,1799.0
13649832,all about you,4.3,1999,0.0,1999.0,Unknown,dresses,0.0,1999.0
13387584,Wish Karo,4.1,1999,65.0,699.0,Kot‚Ėą‚Ėą‚Ėąda ‚Ėą‚Ėą‚Ėąest‚Ėą‚Ėą‚Ėą‚Ėą‚Ėą‚Ėą‚Ėą‚Ėą‚ĖąLtd‚Ėą‚Ėą‚Ėą,dresses,1300.0,699.0
13558254,Tokyo Talkies,4.1,1349,59.0,1349.0,Unknown,dresses,0.0,1349.0
13406942,Global Desi,4.8,1799,75.0,449.0,OCH‚Ėą‚Ėą‚ĖąAND‚Ėą‚Ėą‚ĖąACK‚Ėą‚Ėą‚Ėą‚Ėą‚Ėą‚Ėą‚Ėą‚Ėą‚ĖąLIM‚Ėą‚Ėą‚Ėą‚Ėą‚Ėą‚Ėą,dresses,1350.0,449.0
1341220,Miss Chase,4.4,1149,10.0,689.0,CHA‚Ėą‚Ėą‚ĖąLIF‚Ėą‚Ėą‚ĖąYLE‚Ėą‚Ėą‚Ėą‚Ėą‚Ėą‚Ėą‚Ėą‚Ėą‚Ėą,dresses,460.0,689.0
13387582,Wish Karo,4.7,2123,65.0,743.0,Kot‚Ėą‚Ėą‚Ėąda ‚Ėą‚Ėą‚Ėąest‚Ėą‚Ėą‚Ėą‚Ėą‚Ėą‚Ėą‚Ėą‚Ėą‚ĖąLtd‚Ėą‚Ėą‚Ėą,dresses,1380.0,743.0
13391540,Mast & Harbour,4.1,1999,66.0,679.0,SWARR,dresses,1320.0,679.0
13435624,Deewa,4.1,2199,69.0,681.0,Sun‚Ėą‚Ėą‚Ėąne ‚Ėą‚Ėą‚Ėąt W‚Ėą‚Ėą‚Ėą‚Ėą‚Ėą‚Ėą,dresses,1518.0,681.0
13382036,plusS,4.2,1899,83.0,322.0,Shi‚Ėą‚Ėą‚ĖąInt‚Ėą‚Ėą‚Ėąati‚Ėą‚Ėą‚Ėą‚Ėą‚Ėą‚Ėą‚Ėą‚Ėą‚Ėąrel‚Ėą‚Ėą‚Ėą,dresses,1577.0,322.0
13449506,DOOR74,5.0,2399,70.0,719.0,JXP‚Ėą‚Ėą‚ĖąS,dresses,1680.0,719.0
22590644,YU by Pantaloons,4.7,1399,54.0,643.0,Wes‚Ėą‚Ėą‚Ėąry ‚Ėą‚Ėą‚Ėądin‚Ėą‚Ėą‚Ėą‚Ėą‚Ėą‚Ėą‚Ėą‚Ėą‚Ėąd_P‚Ėą‚Ėą‚Ėą‚Ėą‚Ėą‚Ėą‚Ėą‚Ėą‚Ėą‚Ėą‚Ėą‚Ėą,dresses,756.0,643.0
13398280,Zastraa,4.3,3299,70.0,989.0,MON‚Ėą‚Ėą‚Ėą CR‚Ėą‚Ėą‚ĖąION‚Ėą‚Ėą‚Ėą‚Ėą‚Ėą‚Ėą‚Ėą‚Ėą‚Ėą,dresses,2310.0,989.0
22596522,Vero Moda,4.3,3799,65.0,1329.0,VER‚Ėą‚Ėą‚ĖąODA‚Ėą‚Ėą‚ĖąTAI‚Ėą‚Ėą‚Ėą‚Ėą‚Ėą‚Ėą‚Ėą‚Ėą‚Ėą,dresses,2470.0,1329.0
12356000,KLEIO,4.6,3499,55.0,3499.0,Unknown,duffel-bag,0.0,3499.0
21656682,Dupatta Bazaar,4.3,999,51.0,499.0,LAA‚Ėą‚Ėą‚ĖąTEX‚Ėą‚Ėą‚ĖąE P‚Ėą‚Ėą‚Ėą‚Ėą‚Ėą‚Ėą‚Ėą‚Ėą‚Ėą,dupatta,500.0,499.0
22601210,Nimidiya,4.5,999,60.0,399.0,PRE‚Ėą‚Ėą‚ĖąTI ‚Ėą‚Ėą‚ĖąLEC‚Ėą‚Ėą‚Ėą‚Ėą‚Ėą‚Ėą,dupatta,600.0,399.0
20195790,Dupatta Bazaar,4.7,999,48.0,999.0,Unknown,dupatta,0.0,999.0
12999996,Vishudh,4.6,599,62.0,227.0,Fla‚Ėą‚Ėą‚Ėątar‚Ėą‚Ėą‚Ėąmme‚Ėą‚Ėą‚Ėą‚Ėą‚Ėą‚Ėą,dupatta,372.0,227.0
15713414,Crunchy Fashion,4.2,1998,68.0,639.0,Cru‚Ėą‚Ėą‚Ėąy F‚Ėą‚Ėą‚Ėąion‚Ėą‚Ėą‚Ėą‚Ėą‚Ėą‚Ėą‚Ėą‚Ėą‚Ėą,earrings,1359.0,639.0
15750524,Priyaasi,4.4,7999,74.0,2079.0,PRI‚Ėą‚Ėą‚ĖąDES‚Ėą‚Ėą‚ĖąS P‚Ėą‚Ėą‚Ėą‚Ėą‚Ėą‚Ėą‚Ėą‚Ėą‚ĖąMIT‚Ėą‚Ėą‚Ėą,earrings,5920.0,2079.0
15014966,Priyaasi,4.9,3949,76.0,947.0,PRI‚Ėą‚Ėą‚ĖąDES‚Ėą‚Ėą‚ĖąS P‚Ėą‚Ėą‚Ėą‚Ėą‚Ėą‚Ėą‚Ėą‚Ėą‚ĖąMIT‚Ėą‚Ėą‚Ėą,earrings,3002.0,947.0
10564232,PRITA BY PRIYAASI,4.3,1130,69.0,350.0,PRI‚Ėą‚Ėą‚ĖąDES‚Ėą‚Ėą‚ĖąS P‚Ėą‚Ėą‚Ėą‚Ėą‚Ėą‚Ėą‚Ėą‚Ėą‚ĖąMIT‚Ėą‚Ėą‚Ėą,earrings,780.0,350.0
10135431,Priyaasi,4.5,1000,50.0,500.0,PRI‚Ėą‚Ėą‚ĖąDES‚Ėą‚Ėą‚ĖąS P‚Ėą‚Ėą‚Ėą‚Ėą‚Ėą‚Ėą‚Ėą‚Ėą‚ĖąMIT‚Ėą‚Ėą‚Ėą,earrings,500.0,500.0
10125225,KARATCART,4.1,1568,73.0,423.0,KOK‚Ėą‚Ėą‚ĖąV G‚Ėą‚Ėą‚ĖąAL ‚Ėą‚Ėą‚Ėą‚Ėą‚Ėą‚Ėą‚Ėą‚Ėą‚Ėą,earrings,1145.0,423.0
10125241,KARATCART,4.2,1711,82.0,307.0,KOK‚Ėą‚Ėą‚ĖąV G‚Ėą‚Ėą‚ĖąAL ‚Ėą‚Ėą‚Ėą‚Ėą‚Ėą‚Ėą‚Ėą‚Ėą‚Ėą,earrings,1404.0,307.0
19925208,Yellow Chimes,4.1,774,44.0,433.0,MER‚Ėą‚Ėą‚ĖąI F‚Ėą‚Ėą‚ĖąS A‚Ėą‚Ėą‚Ėą‚Ėą‚Ėą‚Ėą‚Ėą‚Ėą‚ĖąION‚Ėą‚Ėą‚Ėą‚Ėą‚Ėą‚Ėą‚Ėą‚Ėą‚Ėą‚Ėą‚Ėą‚Ėą‚Ėą‚Ėą‚Ėą‚Ėą‚Ėą‚Ėą,earrings,341.0,433.0
20041906,KARATCART,4.3,1730,65.0,605.0,KOK‚Ėą‚Ėą‚ĖąV G‚Ėą‚Ėą‚ĖąAL ‚Ėą‚Ėą‚Ėą‚Ėą‚Ėą‚Ėą‚Ėą‚Ėą‚Ėą,earrings,1125.0,605.0
22601952,SOHI,4.5,1455,76.0,349.0,Bil‚Ėą‚Ėą‚Ėąnka‚Ėą‚Ėą‚ĖąPri‚Ėą‚Ėą‚Ėą‚Ėą‚Ėą‚Ėą‚Ėą‚Ėą‚Ėąted‚Ėą‚Ėą‚Ėą,earrings,1106.0,349.0
22618882,Saraf RS Jewellery,4.2,3795,77.0,872.0,HB ‚Ėą‚Ėą‚ĖąDER‚Ėą‚Ėą‚ĖąRIV‚Ėą‚Ėą‚Ėą‚Ėą‚Ėą‚Ėą‚Ėą‚Ėą‚ĖąED,earrings,2923.0,872.0
14467848,GIVA,4.4,2799,50.0,1399.0,Ind‚Ėą‚Ėą‚Ėąewe‚Ėą‚Ėą‚Ėąash‚Ėą‚Ėą‚Ėą‚Ėą‚Ėą‚Ėą‚Ėą‚Ėą‚Ėą Lt‚Ėą‚Ėą‚Ėą,earrings,1400.0,1399.0
14399558,Shoshaa,4.6,2488,72.0,696.0,SHO‚Ėą‚Ėą‚ĖąA D‚Ėą‚Ėą‚ĖąGNS‚Ėą‚Ėą‚Ėą‚Ėą‚Ėą‚Ėą,earrings,1792.0,696.0
19072820,FemNmas,4.4,249,0.0,249.0,FEM‚Ėą‚Ėą‚ĖąMAS‚Ėą‚Ėą‚Ėą,earrings,0.0,249.0
13402874,Crunchy Fashion,4.2,1575,78.0,346.0,Cru‚Ėą‚Ėą‚Ėąy F‚Ėą‚Ėą‚Ėąion‚Ėą‚Ėą‚Ėą‚Ėą‚Ėą‚Ėą‚Ėą‚Ėą‚Ėą,earrings,1229.0,346.0
13340876,Kord Store,4.4,4524,88.0,542.0,Kor‚Ėą‚Ėą‚Ėąyst‚Ėą‚Ėą‚Ėą,earrings,3982.0,542.0
12930744,ANIKAS CREATION,4.4,1075,55.0,483.0,Jai‚Ėą‚Ėą‚Ėąi J‚Ėą‚Ėą‚Ėąlle‚Ėą‚Ėą‚Ėą,earrings,592.0,483.0
21990058,Rustorange,5.0,3299,55.0,1484.0,Zak‚Ėą‚Ėą‚Ėąi I‚Ėą‚Ėą‚Ėątec‚Ėą‚Ėą‚Ėą‚Ėą‚Ėą‚Ėą‚Ėą‚Ėą‚Ėą Li‚Ėą‚Ėą‚Ėą‚Ėą‚Ėą‚Ėą,ethnic-dresses,1815.0,1484.0
21992820,PANIT,4.4,7999,71.0,2319.0,R.U‚Ėą‚Ėą‚ĖąNGH‚Ėą‚Ėą‚ĖąD G‚Ėą‚Ėą‚Ėą‚Ėą‚Ėą‚Ėą‚Ėą‚Ėą‚ĖąPPA‚Ėą‚Ėą‚Ėą‚Ėą‚Ėą‚Ėą‚Ėą‚Ėą‚Ėą‚Ėą‚Ėą‚Ėą‚Ėą‚Ėą‚Ėą‚Ėą‚Ėą‚Ėą‚Ėą‚Ėą‚Ėą,ethnic-dresses,5680.0,2319.0
15741088,Ashnaina,4.1,1799,67.0,593.0,WWC‚Ėą‚Ėą‚ĖąON ‚Ėą‚Ėą‚ĖąLER‚Ėą‚Ėą‚Ėą,ethnic-dresses,1206.0,593.0
15788632,AURELIA,4.2,2499,44.0,1380.0,Esh‚Ėą‚Ėą‚Ėąox ‚Ėą‚Ėą‚Ėąmme‚Ėą‚Ėą‚Ėą‚Ėą‚Ėą‚Ėą‚Ėą‚Ėą‚Ėątd,ethnic-dresses,1119.0,1380.0
15749780,W,4.3,3999,60.0,1599.0,Fla‚Ėą‚Ėą‚Ėąech‚Ėą‚Ėą‚Ėątai‚Ėą‚Ėą‚Ėą,ethnic-dresses,2400.0,1599.0
19990734,VASTRAMAY,4.7,2499,61.0,974.0,Vas‚Ėą‚Ėą‚Ėąmay‚Ėą‚Ėą‚Ėąt. ‚Ėą‚Ėą‚Ėą‚Ėą‚Ėą‚Ėą,ethnic-dresses,1525.0,974.0
13404948,YASH GALLERY,4.1,3899,76.0,935.0,Yas‚Ėą‚Ėą‚Ėąall‚Ėą‚Ėą‚Ėą Pr‚Ėą‚Ėą‚Ėą‚Ėą‚Ėą‚Ėą‚Ėą‚Ėą‚Ėąite‚Ėą‚Ėą‚Ėą,ethnic-dresses,2964.0,935.0
13355452,Rangriti,4.4,1299,35.0,1299.0,Sup‚Ėą‚Ėą‚Ėąom ‚Ėą‚Ėą‚Ėą,ethnic-dresses,0.0,1299.0
15787112,Mamaearth,4.3,319,12.0,280.0,Hon‚Ėą‚Ėą‚Ėą Co‚Ėą‚Ėą‚Ėąmer‚Ėą‚Ėą‚Ėą‚Ėą‚Ėą‚Ėą‚Ėą‚Ėą‚ĖąLim‚Ėą‚Ėą‚Ėą‚Ėą‚Ėą‚Ėą,face-moisturisers,39.0,280.0
12926546,natural vibes,4.8,449,5.0,426.0,TRA‚Ėą‚Ėą‚ĖąLA ‚Ėą‚Ėą‚ĖąOM ‚Ėą‚Ėą‚Ėą‚Ėą‚Ėą‚Ėą‚Ėą‚Ėą‚Ėą,face-wash-and-cleanser,23.0,426.0
16704788,Birkenstock,4.5,4990,0.0,4990.0,Net‚Ėą‚Ėą‚Ėąstr‚Ėą‚Ėą‚Ėątio‚Ėą‚Ėą‚Ėą‚Ėą‚Ėą‚Ėą‚Ėą‚Ėą‚Ėąs P‚Ėą‚Ėą‚Ėą‚Ėą‚Ėą‚Ėą‚Ėą‚Ėą‚Ėą,flats,0.0,4990.0
21735080,Birkenstock,4.5,6990,0.0,6990.0,Net‚Ėą‚Ėą‚Ėąstr‚Ėą‚Ėą‚Ėątio‚Ėą‚Ėą‚Ėą‚Ėą‚Ėą‚Ėą‚Ėą‚Ėą‚Ėąs P‚Ėą‚Ėą‚Ėą‚Ėą‚Ėą‚Ėą‚Ėą‚Ėą‚Ėą,flats,0.0,6990.0
21735014,Birkenstock,4.8,9490,0.0,9490.0,Net‚Ėą‚Ėą‚Ėąstr‚Ėą‚Ėą‚Ėątio‚Ėą‚Ėą‚Ėą‚Ėą‚Ėą‚Ėą‚Ėą‚Ėą‚Ėąs P‚Ėą‚Ėą‚Ėą‚Ėą‚Ėą‚Ėą‚Ėą‚Ėą‚Ėą,flats,0.0,9490.0
13596626,Anouk,4.3,2299,0.0,2299.0,Unknown,flats,0.0,2299.0
21205620,Tommy Hilfiger,4.3,2599,30.0,1559.0,PVH‚Ėą‚Ėą‚ĖąVIN‚Ėą‚Ėą‚ĖąASH‚Ėą‚Ėą‚Ėą‚Ėą‚Ėą‚Ėą‚Ėą‚Ėą‚ĖąTE ‚Ėą‚Ėą‚Ėą‚Ėą‚Ėą‚Ėą‚Ėą‚Ėą‚Ėą‚Ėą‚Ėą‚Ėą‚Ėą‚Ėą‚Ėą,flip-flops,1040.0,1559.0
21497394,Puma,4.1,999,50.0,499.0,Omn‚Ėą‚Ėą‚Ėąch ‚Ėą‚Ėą‚Ėąail‚Ėą‚Ėą‚Ėą,flip-flops,500.0,499.0
18521180,Reebok,4.5,1999,50.0,999.0,Tru‚Ėą‚Ėą‚Ėąm R‚Ėą‚Ėą‚Ėąil,flip-flops,1000.0,999.0
20124616,Duke,4.3,399,35.0,259.0,Duk‚Ėą‚Ėą‚Ėąash‚Ėą‚Ėą‚Ėąs I‚Ėą‚Ėą‚Ėą‚Ėą‚Ėą‚Ėą‚Ėą‚Ėą‚Ėąted‚Ėą‚Ėą‚Ėą,flip-flops,140.0,259.0
19790160,toothless,4.1,499,60.0,199.0,PUR‚Ėą‚Ėą‚Ėą UN‚Ėą‚Ėą‚ĖąD S‚Ėą‚Ėą‚Ėą‚Ėą‚Ėą‚Ėą‚Ėą‚Ėą‚ĖąATE‚Ėą‚Ėą‚Ėą‚Ėą‚Ėą‚Ėą‚Ėą‚Ėą‚Ėą,flip-flops,300.0,199.0
18598106,Ginger by Lifestyle,4.4,499,40.0,499.0,Unknown,flip-flops,0.0,499.0
16168398,Bata,4.1,599,25.0,449.0,Bat‚Ėą‚Ėą‚Ėąndi‚Ėą‚Ėą‚Ėąimi‚Ėą‚Ėą‚Ėą‚Ėą‚Ėą‚Ėą‚Ėą‚Ėą‚Ėą),flip-flops,150.0,449.0
13374286,Saral Home,4.7,1999,27.0,1459.0,SAR‚Ėą‚Ėą‚ĖąHOM‚Ėą‚Ėą‚ĖąASY‚Ėą‚Ėą‚Ėą‚Ėą‚Ėą‚Ėą‚Ėą‚Ėą‚ĖąRIV‚Ėą‚Ėą‚Ėą‚Ėą‚Ėą‚Ėą‚Ėą‚Ėą‚Ėą‚Ėą‚Ėą‚Ėą,floor-mats--dhurries,540.0,1459.0
13374334,Saral Home,4.4,1999,27.0,1459.0,SAR‚Ėą‚Ėą‚ĖąHOM‚Ėą‚Ėą‚ĖąASY‚Ėą‚Ėą‚Ėą‚Ėą‚Ėą‚Ėą‚Ėą‚Ėą‚ĖąRIV‚Ėą‚Ėą‚Ėą‚Ėą‚Ėą‚Ėą‚Ėą‚Ėą‚Ėą‚Ėą‚Ėą‚Ėą,floor-mats--dhurries,540.0,1459.0
21931392,Clarks,4.4,9999,40.0,5999.0,CLA‚Ėą‚Ėą‚Ėą RE‚Ėą‚Ėą‚ĖąNCE‚Ėą‚Ėą‚Ėą‚Ėą‚Ėą‚Ėą‚Ėą‚Ėą‚Ėą PV‚Ėą‚Ėą‚Ėą‚Ėą‚Ėą‚Ėą,formal-shoes,4000.0,5999.0
21602846,SUGAR,4.2,899,0.0,899.0,VEL‚Ėą‚Ėą‚ĖąTTE‚Ėą‚Ėą‚ĖąFES‚Ėą‚Ėą‚Ėą‚Ėą‚Ėą‚Ėą‚Ėą‚Ėą‚ĖąLTD‚Ėą‚Ėą‚Ėą,foundation,0.0,899.0
14950128,YK,4.5,699,50.0,349.0,V P‚Ėą‚Ėą‚ĖąWAL‚Ėą‚Ėą‚ĖąSIE‚Ėą‚Ėą‚Ėą‚Ėą‚Ėą‚Ėą‚Ėą‚Ėą‚ĖąY,gloves,350.0,349.0
16721772,BodyHerbals,4.4,399,16.0,335.0,PUR‚Ėą‚Ėą‚ĖąART‚Ėą‚Ėą‚ĖąNTE‚Ėą‚Ėą‚Ėą‚Ėą‚Ėą‚Ėą‚Ėą‚Ėą‚Ėą,hair-brush-and-comb,64.0,335.0
18584192,7 DAYS,4.5,499,56.0,219.0,7 D‚Ėą‚Ėą‚Ėą OR‚Ėą‚Ėą‚ĖąIC ‚Ėą‚Ėą‚Ėą‚Ėą‚Ėą‚Ėą‚Ėą‚Ėą‚Ėą,hair-cream-and-mask,280.0,219.0
18584190,7 DAYS,4.4,499,56.0,219.0,7 D‚Ėą‚Ėą‚Ėą OR‚Ėą‚Ėą‚ĖąIC ‚Ėą‚Ėą‚Ėą‚Ėą‚Ėą‚Ėą‚Ėą‚Ėą‚Ėą,hair-masks,280.0,219.0
21421856,Baggit,4.4,1990,50.0,796.0,Sup‚Ėą‚Ėą‚Ėąom ‚Ėą‚Ėą‚Ėą,handbags,1194.0,796.0
21421918,Baggit,4.6,1890,46.0,1039.0,Sup‚Ėą‚Ėą‚Ėąom ‚Ėą‚Ėą‚Ėą,handbags,851.0,1039.0
16696848,Accessorize,4.6,4995,61.0,1648.0,Tru‚Ėą‚Ėą‚Ėąm R‚Ėą‚Ėą‚Ėąil,handbags,3347.0,1648.0
7743536,Lino Perros,4.5,4495,66.0,4495.0,Unknown,handbags,0.0,4495.0
7743355,Lino Perros,4.3,3495,60.0,3495.0,Unknown,handbags,0.0,3495.0
17637810,Toteteca,4.8,3099,63.0,3099.0,Unknown,handbags,0.0,3099.0
17761230,Caprese,4.1,3999,70.0,3999.0,Unknown,handbags,0.0,3999.0
15188034,Metro,4.3,1290,0.0,1290.0,MET‚Ėą‚Ėą‚ĖąBRA‚Ėą‚Ėą‚Ėą,handbags,0.0,1290.0
21762808,Baggit,4.6,1690,50.0,845.0,Bag‚Ėą‚Ėą‚Ėą In‚Ėą‚Ėą‚Ėą Pv‚Ėą‚Ėą‚Ėą‚Ėą‚Ėą‚Ėą,handbags,845.0,845.0
21421996,Baggit,4.5,1990,50.0,995.0,Bag‚Ėą‚Ėą‚Ėą In‚Ėą‚Ėą‚Ėą Pv‚Ėą‚Ėą‚Ėą‚Ėą‚Ėą‚Ėą,handbags,995.0,995.0
13359482,FLYING BERRY,4.9,2999,44.0,1679.0,Abh‚Ėą‚Ėą‚ĖąOve‚Ėą‚Ėą‚Ėąas ‚Ėą‚Ėą‚Ėą‚Ėą‚Ėą‚Ėą,handbags,1320.0,1679.0
13389422,DailyObjects,4.3,2999,62.0,1139.0,Fir‚Ėą‚Ėą‚ĖąWho‚Ėą‚Ėą‚Ėąale‚Ėą‚Ėą‚Ėą‚Ėą‚Ėą‚Ėą‚Ėą‚Ėą‚Ėą,handbags,1860.0,1139.0
13389410,DailyObjects,4.2,2999,62.0,1139.0,Fir‚Ėą‚Ėą‚ĖąWho‚Ėą‚Ėą‚Ėąale‚Ėą‚Ėą‚Ėą‚Ėą‚Ėą‚Ėą‚Ėą‚Ėą‚ĖąLim‚Ėą‚Ėą‚Ėą‚Ėą‚Ėą‚Ėą,handbags,1860.0,1139.0
19219056,BLAUPUNKT,4.5,5999,33.0,3999.0,Sup‚Ėą‚Ėą‚Ėąom ‚Ėą‚Ėą‚Ėą,headphones,2000.0,3999.0
13474452,Allen Solly,4.3,2299,50.0,2299.0,Unknown,heels,0.0,2299.0
17647418,FOOTONS,5.0,3199,55.0,3199.0,Unknown,heels,0.0,3199.0
22217088,DressBerry,4.1,1599,54.0,735.0,KIR‚Ėą‚Ėą‚ĖąENT‚Ėą‚Ėą‚ĖąRIS‚Ėą‚Ėą‚Ėą,heels,864.0,735.0
19217010,Inc 5,4.4,2690,0.0,2690.0,INC‚Ėą‚Ėą‚ĖąSHO‚Ėą‚Ėą‚ĖąPRI‚Ėą‚Ėą‚Ėą‚Ėą‚Ėą‚Ėą‚Ėą‚Ėą‚ĖąTED‚Ėą‚Ėą‚Ėą,heels,0.0,2690.0
16276014,Iris,4.5,700,15.0,595.0,N R‚Ėą‚Ėą‚ĖąA R‚Ėą‚Ėą‚ĖąAND‚Ėą‚Ėą‚Ėą‚Ėą‚Ėą‚Ėą‚Ėą‚Ėą‚Ėą LT‚Ėą‚Ėą‚Ėą,home-fragrance-set,105.0,595.0
19014822,mothercare,4.6,3499,45.0,2624.0,Kap‚Ėą‚Ėą‚Ėąs R‚Ėą‚Ėą‚Ėąil ‚Ėą‚Ėą‚Ėą‚Ėą‚Ėą‚Ėą‚Ėą‚Ėą‚Ėą,jackets,875.0,2624.0
19015560,U.S. Polo Assn. Kids,4.5,2499,43.0,1424.0,ARV‚Ėą‚Ėą‚Ėą LI‚Ėą‚Ėą‚ĖąTYL‚Ėą‚Ėą‚Ėą‚Ėą‚Ėą‚Ėą‚Ėą‚Ėą‚ĖąLIM‚Ėą‚Ėą‚Ėą‚Ėą‚Ėą‚Ėą,jackets,1075.0,1424.0
19020502,U.S. Polo Assn.,4.4,6299,53.0,2960.0,ARV‚Ėą‚Ėą‚Ėą LI‚Ėą‚Ėą‚ĖąTYL‚Ėą‚Ėą‚Ėą‚Ėą‚Ėą‚Ėą‚Ėą‚Ėą‚ĖąLIM‚Ėą‚Ėą‚Ėą‚Ėą‚Ėą‚Ėą,jackets,3339.0,2960.0
19014828,mothercare,4.5,2999,25.0,2249.0,Kap‚Ėą‚Ėą‚Ėąs R‚Ėą‚Ėą‚Ėąil ‚Ėą‚Ėą‚Ėą‚Ėą‚Ėą‚Ėą‚Ėą‚Ėą‚Ėą,jackets,750.0,2249.0
19015652,U.S. Polo Assn. Kids,4.2,2799,46.0,1511.0,ARV‚Ėą‚Ėą‚Ėą LI‚Ėą‚Ėą‚ĖąTYL‚Ėą‚Ėą‚Ėą‚Ėą‚Ėą‚Ėą‚Ėą‚Ėą‚ĖąLIM‚Ėą‚Ėą‚Ėą‚Ėą‚Ėą‚Ėą,jackets,1288.0,1511.0
19020536,U.S. Polo Assn.,4.1,6999,50.0,3499.0,ARV‚Ėą‚Ėą‚Ėą LI‚Ėą‚Ėą‚ĖąTYL‚Ėą‚Ėą‚Ėą‚Ėą‚Ėą‚Ėą‚Ėą‚Ėą‚ĖąLIM‚Ėą‚Ėą‚Ėą‚Ėą‚Ėą‚Ėą,jackets,3500.0,3499.0
19020616,U.S. Polo Assn.,4.3,6299,30.0,3149.0,ARV‚Ėą‚Ėą‚Ėą LI‚Ėą‚Ėą‚ĖąTYL‚Ėą‚Ėą‚Ėą‚Ėą‚Ėą‚Ėą‚Ėą‚Ėą‚ĖąLIM‚Ėą‚Ėą‚Ėą‚Ėą‚Ėą‚Ėą,jackets,3150.0,3149.0
19020478,U.S. Polo Assn.,4.3,4599,40.0,2759.0,Sup‚Ėą‚Ėą‚Ėąom ‚Ėą‚Ėą‚Ėą,jackets,1840.0,2759.0
19837040,High Star,4.1,3749,85.0,3749.0,Unknown,jackets,0.0,3749.0
14991614,Roadster,4.2,1699,50.0,509.0,GAR‚Ėą‚Ėą‚ĖąCRY‚Ėą‚Ėą‚ĖąS L‚Ėą‚Ėą‚Ėą‚Ėą‚Ėą‚Ėą‚Ėą‚Ėą‚Ėą,jackets,1190.0,509.0
16182066,People,4.3,1799,48.0,935.0,Wes‚Ėą‚Ėą‚Ėąry ‚Ėą‚Ėą‚Ėądin‚Ėą‚Ėą‚Ėą‚Ėą‚Ėą‚Ėą‚Ėą‚Ėą‚Ėąd_P‚Ėą‚Ėą‚Ėą‚Ėą‚Ėą‚Ėą‚Ėą‚Ėą‚Ėą‚Ėą‚Ėą‚Ėą,jackets,864.0,935.0
19231126,Mast & Harbour,4.2,4499,68.0,1439.0,Tru‚Ėą‚Ėą‚Ėąm R‚Ėą‚Ėą‚Ėąil,jackets,3060.0,1439.0
19020564,U.S. Polo Assn.,4.3,5299,50.0,2649.0,ARV‚Ėą‚Ėą‚Ėą LI‚Ėą‚Ėą‚ĖąTYL‚Ėą‚Ėą‚Ėą‚Ėą‚Ėą‚Ėą‚Ėą‚Ėą‚ĖąLIM‚Ėą‚Ėą‚Ėą‚Ėą‚Ėą‚Ėą,jackets,2650.0,2649.0
19015534,U.S. Polo Assn. Kids,4.1,2499,36.0,1599.0,ARV‚Ėą‚Ėą‚Ėą LI‚Ėą‚Ėą‚ĖąTYL‚Ėą‚Ėą‚Ėą‚Ėą‚Ėą‚Ėą‚Ėą‚Ėą‚ĖąLIM‚Ėą‚Ėą‚Ėą‚Ėą‚Ėą‚Ėą,jackets,900.0,1599.0
19020450,U.S. Polo Assn.,4.3,6499,40.0,3249.0,ARV‚Ėą‚Ėą‚Ėą LI‚Ėą‚Ėą‚ĖąTYL‚Ėą‚Ėą‚Ėą‚Ėą‚Ėą‚Ėą‚Ėą‚Ėą‚ĖąLIM‚Ėą‚Ėą‚Ėą‚Ėą‚Ėą‚Ėą,jackets,3250.0,3249.0
19020676,U.S. Polo Assn.,4.6,5699,45.0,3134.0,ARV‚Ėą‚Ėą‚Ėą LI‚Ėą‚Ėą‚ĖąTYL‚Ėą‚Ėą‚Ėą‚Ėą‚Ėą‚Ėą‚Ėą‚Ėą‚ĖąLIM‚Ėą‚Ėą‚Ėą‚Ėą‚Ėą‚Ėą,jackets,2565.0,3134.0
19020568,U.S. Polo Assn.,4.2,6999,40.0,4199.0,Sup‚Ėą‚Ėą‚Ėąom ‚Ėą‚Ėą‚Ėą,jackets,2800.0,4199.0
18973692,Levis,4.2,4099,57.0,4099.0,Vis‚Ėą‚Ėą‚Ėą St‚Ėą‚Ėą‚Ėą,jeans,0.0,4099.0
18973742,Levis,4.2,4399,48.0,2287.0,Lev‚Ėą‚Ėą‚Ėątra‚Ėą‚Ėą‚Ėą In‚Ėą‚Ėą‚Ėą‚Ėą‚Ėą‚Ėą‚Ėą‚Ėą‚Ėątd,jeans,2112.0,2287.0
18974084,Levis,4.2,4399,57.0,1891.0,Lev‚Ėą‚Ėą‚Ėątra‚Ėą‚Ėą‚Ėą In‚Ėą‚Ėą‚Ėą‚Ėą‚Ėą‚Ėą‚Ėą‚Ėą‚Ėątd,jeans,2508.0,1891.0
18973648,Levis,4.2,4099,0.0,4099.0,Lev‚Ėą‚Ėą‚Ėątra‚Ėą‚Ėą‚Ėą In‚Ėą‚Ėą‚Ėą‚Ėą‚Ėą‚Ėą‚Ėą‚Ėą‚Ėątd,jeans,0.0,4099.0
18973888,Levis,4.4,4099,0.0,4099.0,Vis‚Ėą‚Ėą‚Ėą St‚Ėą‚Ėą‚Ėą,jeans,0.0,4099.0
18973730,Levis,4.1,4399,49.0,4399.0,Vis‚Ėą‚Ėą‚Ėą St‚Ėą‚Ėą‚Ėą,jeans,0.0,4399.0
19008496,Calvin Klein Jeans,5.0,7999,40.0,4799.0,Pla‚Ėą‚Ėą‚Ėąum ‚Ėą‚Ėą‚Ėąhio‚Ėą‚Ėą‚Ėą,jeans,3200.0,4799.0
18992754,AMERICAN EAGLE OUTFITTERS,4.8,4499,60.0,1799.0,Wes‚Ėą‚Ėą‚Ėąry ‚Ėą‚Ėą‚Ėądin‚Ėą‚Ėą‚Ėą‚Ėą‚Ėą‚Ėą‚Ėą‚Ėą‚Ėąd_M‚Ėą‚Ėą‚Ėą‚Ėą‚Ėą‚Ėą,jeans,2700.0,1799.0
18973922,Levis,4.1,4099,0.0,4099.0,Vis‚Ėą‚Ėą‚Ėą St‚Ėą‚Ėą‚Ėą,jeans,0.0,4099.0
18973950,Levis,4.1,4999,51.0,2449.0,Lev‚Ėą‚Ėą‚Ėątra‚Ėą‚Ėą‚Ėą In‚Ėą‚Ėą‚Ėą‚Ėą‚Ėą‚Ėą‚Ėą‚Ėą‚Ėątd,jeans,2550.0,2449.0
19842706,Llak Jeans,4.2,2299,75.0,2299.0,Unknown,jeans,0.0,2299.0
13768634,Nautica,4.6,4999,0.0,4999.0,Unknown,jeans,0.0,4999.0
18973728,Levis,4.4,4399,47.0,4399.0,Vis‚Ėą‚Ėą‚Ėą St‚Ėą‚Ėą‚Ėą,jeans,0.0,4399.0
18903330,Levis,4.4,3299,20.0,1649.0,Lev‚Ėą‚Ėą‚Ėątra‚Ėą‚Ėą‚Ėą In‚Ėą‚Ėą‚Ėą‚Ėą‚Ėą‚Ėą‚Ėą‚Ėą‚Ėątd,jeans,1650.0,1649.0
18973740,Levis,4.3,4099,57.0,4099.0,Vis‚Ėą‚Ėą‚Ėą St‚Ėą‚Ėą‚Ėą,jeans,0.0,4099.0
18969982,Allen Solly Junior,4.2,1799,35.0,1169.0,Wes‚Ėą‚Ėą‚Ėąry ‚Ėą‚Ėą‚Ėądin‚Ėą‚Ėą‚Ėą‚Ėą‚Ėą‚Ėą‚Ėą‚Ėą‚Ėąd_M‚Ėą‚Ėą‚Ėą‚Ėą‚Ėą‚Ėą,jeans,630.0,1169.0
18734066,Flying Machine,4.1,2699,61.0,1052.0,ARV‚Ėą‚Ėą‚Ėą LI‚Ėą‚Ėą‚ĖąTYL‚Ėą‚Ėą‚Ėą‚Ėą‚Ėą‚Ėą‚Ėą‚Ėą‚ĖąLIM‚Ėą‚Ėą‚Ėą‚Ėą‚Ėą‚Ėą,jeans,1647.0,1052.0
18993370,Blackberrys,4.3,3295,40.0,1647.0,Fla‚Ėą‚Ėą‚Ėątar‚Ėą‚Ėą‚Ėąmme‚Ėą‚Ėą‚Ėą‚Ėą‚Ėą‚Ėą,jeans,1648.0,1647.0
15067844,Flying Machine,4.1,2399,50.0,1199.0,Ret‚Ėą‚Ėą‚ĖąNet‚Ėą‚Ėą‚Ėą,jeans,1200.0,1199.0
18960434,Lee,4.4,3999,55.0,1999.0,PRA‚Ėą‚Ėą‚ĖąRET‚Ėą‚Ėą‚Ėą,jeans,2000.0,1999.0
18973952,Levis,4.1,3499,48.0,3499.0,Vis‚Ėą‚Ėą‚Ėą St‚Ėą‚Ėą‚Ėą,jeans,0.0,3499.0
18689340,Flying Machine,4.3,2349,42.0,1362.0,ARV‚Ėą‚Ėą‚Ėą LI‚Ėą‚Ėą‚ĖąTYL‚Ėą‚Ėą‚Ėą‚Ėą‚Ėą‚Ėą‚Ėą‚Ėą‚ĖąLIM‚Ėą‚Ėą‚Ėą‚Ėą‚Ėą‚Ėą,jeans,987.0,1362.0
18973790,Levis,4.3,5599,50.0,2799.0,Lev‚Ėą‚Ėą‚Ėątra‚Ėą‚Ėą‚Ėą In‚Ėą‚Ėą‚Ėą‚Ėą‚Ėą‚Ėą‚Ėą‚Ėą‚Ėątd,jeans,2800.0,2799.0
21184968,HERE&NOW,4.6,2399,68.0,767.0,Omn‚Ėą‚Ėą‚Ėąch ‚Ėą‚Ėą‚Ėąail‚Ėą‚Ėą‚Ėą,jeans,1632.0,767.0
18903148,Levis,4.3,3899,20.0,2027.0,Lev‚Ėą‚Ėą‚Ėątra‚Ėą‚Ėą‚Ėą In‚Ėą‚Ėą‚Ėą‚Ėą‚Ėą‚Ėą‚Ėą‚Ėą‚Ėątd,jeans,1872.0,2027.0
18734006,Flying Machine,4.3,2499,50.0,1249.0,Ret‚Ėą‚Ėą‚ĖąNet‚Ėą‚Ėą‚Ėą,jeans,1250.0,1249.0
18928362,AMERICAN EAGLE OUTFITTERS,4.1,4499,60.0,1799.0,Wes‚Ėą‚Ėą‚Ėąry ‚Ėą‚Ėą‚Ėądin‚Ėą‚Ėą‚Ėą‚Ėą‚Ėą‚Ėą‚Ėą‚Ėą‚Ėąd_M‚Ėą‚Ėą‚Ėą‚Ėą‚Ėą‚Ėą,jeans,2700.0,1799.0
18964420,American Bull,4.5,4299,62.0,1633.0,Bra‚Ėą‚Ėą‚ĖąFor‚Ėą‚Ėą‚Ėąes,jeans,2666.0,1633.0
18973914,Levis,4.4,3799,60.0,2089.0,Lev‚Ėą‚Ėą‚Ėątra‚Ėą‚Ėą‚Ėą In‚Ėą‚Ėą‚Ėą‚Ėą‚Ėą‚Ėą‚Ėą‚Ėą‚Ėątd,jeans,1710.0,2089.0
15049188,Roadster,4.5,2099,60.0,692.0,Tru‚Ėą‚Ėą‚Ėąt C‚Ėą‚Ėą‚Ėąerc‚Ėą‚Ėą‚Ėą,jumpsuit,1407.0,692.0
17656880,Vishudh,4.4,1499,43.0,1499.0,Unknown,kurtas,0.0,1499.0
16186258,Vishudh,4.2,1799,79.0,377.0,Fla‚Ėą‚Ėą‚Ėątar‚Ėą‚Ėą‚Ėąmme‚Ėą‚Ėą‚Ėą‚Ėą‚Ėą‚Ėą,kurtas,1422.0,377.0
22110424,VASTRADO,5.0,1199,55.0,539.0,CRE‚Ėą‚Ėą‚ĖąVE ‚Ėą‚Ėą‚ĖąMEN‚Ėą‚Ėą‚Ėą‚Ėą‚Ėą‚Ėą‚Ėą‚Ėą‚ĖąE L‚Ėą‚Ėą‚Ėą‚Ėą‚Ėą‚Ėą‚Ėą‚Ėą‚Ėą,kurtas,660.0,539.0
18637234,House of Pataudi,4.2,2499,0.0,2499.0,Unknown,kurtas,0.0,2499.0
13562488,KSUT,4.3,1599,57.0,1599.0,Unknown,kurtas,0.0,1599.0
17644540,Libas,4.2,2499,64.0,899.0,ZIV‚Ėą‚Ėą‚Ėą AP‚Ėą‚Ėą‚ĖąEL ‚Ėą‚Ėą‚Ėą‚Ėą‚Ėą‚Ėą‚Ėą‚Ėą‚ĖąIMI‚Ėą‚Ėą‚Ėą‚Ėą‚Ėą‚Ėą,kurtas,1600.0,899.0
13506804,Ishin,4.1,5199,54.0,5199.0,Unknown,kurtas,0.0,5199.0
18637284,House of Pataudi,4.1,3999,0.0,3999.0,Unknown,kurtas,0.0,3999.0
19574714,Cayman,4.3,5995,50.0,5995.0,Unknown,kurtas,0.0,5995.0
19580226,DEVOILER,4.7,2499,55.0,2499.0,Unknown,kurtas,0.0,2499.0
12524816,HERE&NOW,4.1,1199,0.0,1199.0,Unknown,kurtas,0.0,1199.0
12531668,INDYA,4.4,2900,55.0,2900.0,Unknown,kurtas,0.0,2900.0
19688180,KALINI,4.1,1499,47.0,1499.0,Unknown,kurtas,0.0,1499.0
19027402,Jompers,4.5,3499,75.0,874.0,IND‚Ėą‚Ėą‚Ėą NE‚Ėą‚Ėą‚ĖąE P‚Ėą‚Ėą‚Ėą‚Ėą‚Ėą‚Ėą‚Ėą‚Ėą‚ĖąMIT‚Ėą‚Ėą‚Ėą,kurta-sets,2625.0,874.0
18925432,Indo Era,4.7,5399,74.0,1403.0,ZEN‚Ėą‚Ėą‚ĖąR B‚Ėą‚Ėą‚ĖąD T‚Ėą‚Ėą‚Ėą‚Ėą‚Ėą‚Ėą‚Ėą‚Ėą‚Ėą PR‚Ėą‚Ėą‚Ėą‚Ėą‚Ėą‚Ėą‚Ėą‚Ėą‚Ėą‚Ėą‚Ėą‚Ėą‚Ėą‚Ėą‚Ėą,kurta-sets,3996.0,1403.0
18946592,Indian Virasat,4.3,2999,72.0,839.0,Tra‚Ėą‚Ėą‚Ėąion‚Ėą‚Ėą‚ĖąExp‚Ėą‚Ėą‚Ėą‚Ėą‚Ėą‚Ėą‚Ėą‚Ėą‚Ėąrat‚Ėą‚Ėą‚Ėą‚Ėą‚Ėą‚Ėą,kurta-sets,2160.0,839.0
19027352,Jompers,4.2,2199,66.0,747.0,IND‚Ėą‚Ėą‚Ėą NE‚Ėą‚Ėą‚ĖąE -‚Ėą‚Ėą‚Ėą‚Ėą‚Ėą‚Ėą,kurta-sets,1452.0,747.0
17754514,Indo Era,4.1,6799,75.0,1699.0,ZEN‚Ėą‚Ėą‚ĖąR B‚Ėą‚Ėą‚ĖąD T‚Ėą‚Ėą‚Ėą‚Ėą‚Ėą‚Ėą‚Ėą‚Ėą‚Ėą PR‚Ėą‚Ėą‚Ėą‚Ėą‚Ėą‚Ėą‚Ėą‚Ėą‚Ėą‚Ėą‚Ėą‚Ėą‚Ėą‚Ėą‚Ėą,kurta-sets,5100.0,1699.0
19027424,Jompers,4.1,2199,66.0,747.0,IND‚Ėą‚Ėą‚Ėą NE‚Ėą‚Ėą‚ĖąE P‚Ėą‚Ėą‚Ėą‚Ėą‚Ėą‚Ėą‚Ėą‚Ėą‚ĖąMIT‚Ėą‚Ėą‚Ėą,kurta-sets,1452.0,747.0
19027432,Jompers,4.4,2999,63.0,1109.0,IND‚Ėą‚Ėą‚Ėą NE‚Ėą‚Ėą‚ĖąE -‚Ėą‚Ėą‚Ėą‚Ėą‚Ėą‚Ėą,kurta-sets,1890.0,1109.0
15189724,VASTRAMAY,4.2,1799,59.0,737.0,Vas‚Ėą‚Ėą‚Ėąmay‚Ėą‚Ėą‚Ėąt. ‚Ėą‚Ėą‚Ėą‚Ėą‚Ėą‚Ėą,kurta-sets,1062.0,737.0
14325388,Anouk,4.1,2899,0.0,2899.0,Unknown,kurta-sets,0.0,2899.0
17090208,Anouk,4.3,3399,0.0,3399.0,Fla‚Ėą‚Ėą‚Ėąech‚Ėą‚Ėą‚Ėątai‚Ėą‚Ėą‚Ėą,kurta-sets,0.0,3399.0
13446422,Biba,4.4,4995,50.0,2997.0,Fla‚Ėą‚Ėą‚Ėątar‚Ėą‚Ėą‚Ėąmme‚Ėą‚Ėą‚Ėą‚Ėą‚Ėą‚Ėą,kurta-sets,1998.0,2997.0
2184914,SUGAR,4.3,499,13.0,434.0,VEL‚Ėą‚Ėą‚ĖąTTE‚Ėą‚Ėą‚ĖąFES‚Ėą‚Ėą‚Ėą‚Ėą‚Ėą‚Ėą‚Ėą‚Ėą‚ĖąLTD‚Ėą‚Ėą‚Ėą,lipstick,65.0,434.0
18273822,Dreamz by Pantaloons,4.5,499,2.0,489.0,Wes‚Ėą‚Ėą‚Ėąry ‚Ėą‚Ėą‚Ėądin‚Ėą‚Ėą‚Ėą‚Ėą‚Ėą‚Ėą‚Ėą‚Ėą‚Ėąd_P‚Ėą‚Ėą‚Ėą‚Ėą‚Ėą‚Ėą‚Ėą‚Ėą‚Ėą‚Ėą‚Ėą‚Ėą,lounge-shorts,10.0,489.0
22492614,U.S. Polo Assn.,4.2,699,5.0,664.0,ARV‚Ėą‚Ėą‚Ėą LI‚Ėą‚Ėą‚ĖąTYL‚Ėą‚Ėą‚Ėą‚Ėą‚Ėą‚Ėą‚Ėą‚Ėą‚ĖąLIM‚Ėą‚Ėą‚Ėą‚Ėą‚Ėą‚Ėą,lounge-tshirts,35.0,664.0
13428018,ETC,4.3,799,70.0,559.0,Tru‚Ėą‚Ėą‚Ėąt C‚Ėą‚Ėą‚Ėąerc‚Ėą‚Ėą‚Ėą,lounge-tshirts,240.0,559.0
15898082,Bailey sells,4.6,1450,52.0,696.0,Nav‚Ėą‚Ėą‚ĖąEnt‚Ėą‚Ėą‚Ėąris‚Ėą‚Ėą‚Ėą,nightdress,754.0,696.0
22721938,Sweet Dreams,4.8,999,40.0,999.0,Unknown,nightdress,0.0,999.0
17832728,Dreamz by Pantaloons,4.9,699,47.0,699.0,Unknown,nightdress,0.0,699.0
18209958,Sweet Dreams,4.1,2099,44.0,2099.0,Unknown,night-suits,0.0,2099.0
15973760,Zoom Minimondo,4.8,1299,69.0,402.0,KCJ‚Ėą‚Ėą‚ĖąRKE‚Ėą‚Ėą‚ĖąG P‚Ėą‚Ėą‚Ėą‚Ėą‚Ėą‚Ėą‚Ėą‚Ėą‚ĖąMIT‚Ėą‚Ėą‚Ėą,night-suits,897.0,402.0
16512022,MASQ,4.5,447,50.0,223.0,Q-ONE,outdoor-masks,224.0,223.0
17361920,Indo Era,4.2,1799,69.0,557.0,ZEN‚Ėą‚Ėą‚ĖąR B‚Ėą‚Ėą‚ĖąD T‚Ėą‚Ėą‚Ėą‚Ėą‚Ėą‚Ėą‚Ėą‚Ėą‚Ėą PR‚Ėą‚Ėą‚Ėą‚Ėą‚Ėą‚Ėą‚Ėą‚Ėą‚Ėą‚Ėą‚Ėą‚Ėą‚Ėą‚Ėą‚Ėą,palazzos,1242.0,557.0
17288460,Cutiekins,4.2,1099,59.0,450.0,CUT‚Ėą‚Ėą‚ĖąINS‚Ėą‚Ėą‚ĖąIVA‚Ėą‚Ėą‚Ėą‚Ėą‚Ėą‚Ėą‚Ėą‚Ėą‚ĖąD,palazzos,649.0,450.0
15782402,BEARDO,4.4,2700,68.0,864.0,Omn‚Ėą‚Ėą‚Ėąch ‚Ėą‚Ėą‚Ėąail‚Ėą‚Ėą‚Ėą,perfume-and-body-mist,1836.0,864.0
15294314,Zaveri Pearls,4.4,1995,82.0,359.0,ZAV‚Ėą‚Ėą‚Ėą PE‚Ėą‚Ėą‚ĖąS,ring,1636.0,359.0
16254760,Zaveri Pearls,4.2,2250,81.0,2250.0,Unknown,ring,0.0,2250.0
10018911,SEJ by Nisha Gupta,4.5,1849,70.0,554.0,SEJ‚Ėą‚Ėą‚ĖąRNI‚Ėą‚Ėą‚ĖąNGS‚Ėą‚Ėą‚Ėą‚Ėą‚Ėą‚Ėą‚Ėą‚Ėą‚ĖąLIM‚Ėą‚Ėą‚Ėą‚Ėą‚Ėą‚Ėą,runners,1295.0,554.0
10044165,Coolers,4.2,799,0.0,799.0,LIB‚Ėą‚Ėą‚ĖąY S‚Ėą‚Ėą‚ĖąS L‚Ėą‚Ėą‚Ėą‚Ėą‚Ėą‚Ėą‚Ėą‚Ėą‚Ėą,sandals,0.0,799.0
19183770,Crocs,4.1,3295,20.0,2636.0,Fla‚Ėą‚Ėą‚Ėąech‚Ėą‚Ėą‚Ėątai‚Ėą‚Ėą‚Ėą,sandals,659.0,2636.0
18949542,Red Chief,4.3,3099,50.0,1549.0,Lea‚Ėą‚Ėą‚Ėą Gl‚Ėą‚Ėą‚Ėąl P‚Ėą‚Ėą‚Ėą‚Ėą‚Ėą‚Ėą‚Ėą‚Ėą‚Ėą,sandals,1550.0,1549.0
15725544,SALWAR STUDIO,4.1,3555,49.0,1813.0,OM ‚Ėą‚Ėą‚ĖąTHI‚Ėą‚Ėą‚Ėą,saree-blouse,1742.0,1813.0
14654046,SALWAR STUDIO,4.4,4995,56.0,2197.0,OM ‚Ėą‚Ėą‚ĖąTHI‚Ėą‚Ėą‚Ėą,saree-blouse,2798.0,2197.0
18465340,Silk Land,4.1,4125,70.0,4125.0,Unknown,sarees,0.0,4125.0
16287654,Saree mall,4.1,4099,75.0,1024.0,AAR‚Ėą‚Ėą‚ĖąLIF‚Ėą‚Ėą‚ĖąYLE‚Ėą‚Ėą‚Ėą‚Ėą‚Ėą‚Ėą‚Ėą‚Ėą‚ĖąLIM‚Ėą‚Ėą‚Ėą‚Ėą‚Ėą‚Ėą‚Ėą‚Ėą‚Ėą‚Ėą‚Ėą‚Ėą,sarees,3075.0,1024.0
16287830,Saree mall,4.2,4099,76.0,983.0,AAR‚Ėą‚Ėą‚ĖąLIF‚Ėą‚Ėą‚ĖąYLE‚Ėą‚Ėą‚Ėą‚Ėą‚Ėą‚Ėą‚Ėą‚Ėą‚ĖąLIM‚Ėą‚Ėą‚Ėą‚Ėą‚Ėą‚Ėą,sarees,3116.0,983.0
16287764,Saree mall,4.1,4799,72.0,1343.0,AAR‚Ėą‚Ėą‚ĖąLIF‚Ėą‚Ėą‚ĖąYLE‚Ėą‚Ėą‚Ėą‚Ėą‚Ėą‚Ėą‚Ėą‚Ėą‚ĖąLIM‚Ėą‚Ėą‚Ėą‚Ėą‚Ėą‚Ėą,sarees,3456.0,1343.0
19823504,VAIRAGEE,4.2,9995,83.0,1699.0,Viv‚Ėą‚Ėą‚Ėą In‚Ėą‚Ėą‚Ėąnat‚Ėą‚Ėą‚Ėą‚Ėą‚Ėą‚Ėą,sarees,8296.0,1699.0
16293500,BELLEZIYA,4.3,1249,65.0,437.0,BEA‚Ėą‚Ėą‚Ėą LI‚Ėą‚Ėą‚ĖąTYL‚Ėą‚Ėą‚Ėą‚Ėą‚Ėą‚Ėą‚Ėą‚Ėą‚Ėą,scarves,812.0,437.0
16293432,BELLEZIYA,4.7,1499,65.0,524.0,BEA‚Ėą‚Ėą‚Ėą LI‚Ėą‚Ėą‚ĖąTYL‚Ėą‚Ėą‚Ėą‚Ėą‚Ėą‚Ėą‚Ėą‚Ėą‚Ėą,scarves,975.0,524.0
14472340,Earth Rhythm,4.1,379,25.0,284.0,EAR‚Ėą‚Ėą‚ĖąRHY‚Ėą‚Ėą‚Ėą PR‚Ėą‚Ėą‚Ėą‚Ėą‚Ėą‚Ėą‚Ėą‚Ėą‚ĖąITE‚Ėą‚Ėą‚Ėą,shampoo-and-conditioner,95.0,284.0
16779444,FIXDERMA COSMETIC LABORATORIES,4.8,1250,0.0,1250.0,Fix‚Ėą‚Ėą‚Ėąma ‚Ėą‚Ėą‚Ėąia ‚Ėą‚Ėą‚Ėą‚Ėą‚Ėą‚Ėą‚Ėą‚Ėą‚Ėą,shampoo-and-conditioner,0.0,1250.0
15880308,Sirona,4.9,294,3.0,285.0,Sir‚Ėą‚Ėą‚Ėą Hy‚Ėą‚Ėą‚Ėąne ‚Ėą‚Ėą‚Ėą‚Ėą‚Ėą‚Ėą‚Ėą‚Ėą‚Ėąimi‚Ėą‚Ėą‚Ėą‚Ėą‚Ėą‚Ėą,shaving-essentials,9.0,285.0
17332192,KISAH,4.3,13099,62.0,4977.0,Kis‚Ėą‚Ėą‚ĖąApp‚Ėą‚Ėą‚Ėąls ‚Ėą‚Ėą‚Ėą‚Ėą‚Ėą‚Ėą‚Ėą‚Ėą‚Ėąimi‚Ėą‚Ėą‚Ėą‚Ėą‚Ėą‚Ėą,sherwani,8122.0,4977.0
18960048,The Indian Garage Co,4.2,1749,74.0,507.0,Tru‚Ėą‚Ėą‚Ėąt C‚Ėą‚Ėą‚Ėąerc‚Ėą‚Ėą‚Ėą,shirts,1242.0,507.0
18960188,The Indian Garage Co,4.4,1749,74.0,454.0,THE‚Ėą‚Ėą‚ĖąDIA‚Ėą‚Ėą‚ĖąARA‚Ėą‚Ėą‚Ėą‚Ėą‚Ėą‚Ėą‚Ėą‚Ėą‚Ėą,shirts,1295.0,454.0
18996778,U.S. Polo Assn.,4.2,2599,50.0,1559.0,Sup‚Ėą‚Ėą‚Ėąom ‚Ėą‚Ėą‚Ėą,shirts,1040.0,1559.0
18996772,U.S. Polo Assn.,4.9,2799,50.0,1399.0,ARV‚Ėą‚Ėą‚Ėą LI‚Ėą‚Ėą‚ĖąTYL‚Ėą‚Ėą‚Ėą‚Ėą‚Ėą‚Ėą‚Ėą‚Ėą‚ĖąLIM‚Ėą‚Ėą‚Ėą‚Ėą‚Ėą‚Ėą,shirts,1400.0,1399.0
18960086,The Indian Garage Co,4.5,1749,72.0,454.0,THE‚Ėą‚Ėą‚ĖąDIA‚Ėą‚Ėą‚ĖąARA‚Ėą‚Ėą‚Ėą‚Ėą‚Ėą‚Ėą‚Ėą‚Ėą‚ĖąY -‚Ėą‚Ėą‚Ėą‚Ėą‚Ėą‚Ėą,shirts,1295.0,454.0
18463946,Lee,4.5,2399,50.0,2399.0,Unknown,shirts,0.0,2399.0
13621622,U.S. Polo Assn.,4.4,2399,0.0,2399.0,Unknown,shirts,0.0,2399.0
17719808,Louis Philippe Jeans,4.5,2199,31.0,2199.0,Unknown,shirts,0.0,2199.0
18759238,HERE&NOW,4.3,1399,47.0,741.0,Omn‚Ėą‚Ėą‚Ėąch ‚Ėą‚Ėą‚Ėąail‚Ėą‚Ėą‚Ėą,shirts,658.0,741.0
20394602,Cantabil,4.4,1999,60.0,1999.0,Unknown,shirts,0.0,1999.0
13672974,WROGN,4.1,2599,55.0,2599.0,Unknown,shirts,0.0,2599.0
13694492,Ecentric,4.5,2499,35.0,1624.0,Ece‚Ėą‚Ėą‚Ėąic ‚Ėą‚Ėą‚Ėąia ‚Ėą‚Ėą‚Ėą‚Ėą‚Ėą‚Ėą‚Ėą‚Ėą‚Ėą,shirts,875.0,1624.0
21388884,French Connection,4.3,2199,70.0,2199.0,Unknown,shirts,0.0,2199.0
21396820,Jack & Jones,4.4,3499,65.0,3499.0,Unknown,shirts,0.0,3499.0
16042682,Nautica,4.2,3599,50.0,1799.0,SAN‚Ėą‚Ėą‚ĖąETA‚Ėą‚Ėą‚Ėą PV‚Ėą‚Ėą‚Ėą‚Ėą‚Ėą‚Ėą,shirts,1800.0,1799.0
18996754,U.S. Polo Assn.,4.1,2599,50.0,1299.0,ARV‚Ėą‚Ėą‚Ėą LI‚Ėą‚Ėą‚ĖąTYL‚Ėą‚Ėą‚Ėą‚Ėą‚Ėą‚Ėą‚Ėą‚Ėą‚ĖąLIM‚Ėą‚Ėą‚Ėą‚Ėą‚Ėą‚Ėą,shirts,1300.0,1299.0
17296250,CAVIO,4.3,1290,33.0,864.0,Pun‚Ėą‚Ėą‚Ėą Ap‚Ėą‚Ėą‚Ėąels‚Ėą‚Ėą‚Ėą‚Ėą‚Ėą‚Ėą‚Ėą‚Ėą‚Ėą,shirts,426.0,864.0
17280264,HIGHLANDER,4.2,1199,59.0,491.0,Fla‚Ėą‚Ėą‚Ėątar‚Ėą‚Ėą‚Ėąmme‚Ėą‚Ėą‚Ėą‚Ėą‚Ėą‚Ėą,shirts,708.0,491.0
17307612,Louis Philippe Jeans,4.3,2199,30.0,1539.0,Ret‚Ėą‚Ėą‚ĖąNet‚Ėą‚Ėą‚Ėą,shirts,660.0,1539.0
17345842,JC Collection,4.1,3499,45.0,1924.0,Sup‚Ėą‚Ėą‚Ėąom ‚Ėą‚Ėą‚Ėą,shirts,1575.0,1924.0
17307656,SIMON CARTER LONDON,4.6,2799,60.0,1119.0,Wes‚Ėą‚Ėą‚Ėąry ‚Ėą‚Ėą‚Ėądin‚Ėą‚Ėą‚Ėą‚Ėą‚Ėą‚Ėą‚Ėą‚Ėą‚Ėąd_M‚Ėą‚Ėą‚Ėą‚Ėą‚Ėą‚Ėą,shirts,1680.0,1119.0
17313630,JAINISH,4.1,1999,71.0,579.0,IND‚Ėą‚Ėą‚Ėą NE‚Ėą‚Ėą‚ĖąE P‚Ėą‚Ėą‚Ėą‚Ėą‚Ėą‚Ėą‚Ėą‚Ėą‚ĖąMIT‚Ėą‚Ėą‚Ėą,shirts,1420.0,579.0
17342230,Pepe Jeans,4.3,1599,55.0,671.0,Vis‚Ėą‚Ėą‚Ėą St‚Ėą‚Ėą‚Ėą,shirts,928.0,671.0
17331296,Fabindia,4.4,1699,0.0,1699.0,FAB‚Ėą‚Ėą‚ĖąIA ‚Ėą‚Ėą‚ĖąITE‚Ėą‚Ėą‚Ėą,shirts,0.0,1699.0
17355884,Mast & Harbour,4.1,1999,65.0,699.0,PRE‚Ėą‚Ėą‚ĖąR A‚Ėą‚Ėą‚ĖąREL‚Ėą‚Ėą‚Ėą,shirts,1300.0,699.0
17293106,DressBerry,4.2,1599,59.0,591.0,Pat‚Ėą‚Ėą‚Ėąa H‚Ėą‚Ėą‚Ėąe,shirts,1008.0,591.0
17342236,Pepe Jeans,4.4,1599,55.0,671.0,Vis‚Ėą‚Ėą‚Ėą St‚Ėą‚Ėą‚Ėą,shirts,928.0,671.0
17375000,ColorPlus,4.5,2399,30.0,1151.0,Ray‚Ėą‚Ėą‚Ėąd L‚Ėą‚Ėą‚Ėąted‚Ėą‚Ėą‚Ėą,shirts,1248.0,1151.0
17289100,Roadster,4.3,1899,55.0,854.0,STR‚Ėą‚Ėą‚ĖąLIN‚Ėą‚Ėą‚ĖąPPA‚Ėą‚Ėą‚Ėą‚Ėą‚Ėą‚Ėą‚Ėą‚Ėą‚ĖąATE‚Ėą‚Ėą‚Ėą‚Ėą‚Ėą‚Ėą‚Ėą‚Ėą‚Ėą,shirts,1045.0,854.0
17302022,Pantaloons Junior,4.4,799,14.0,687.0,Wes‚Ėą‚Ėą‚Ėąry ‚Ėą‚Ėą‚Ėądin‚Ėą‚Ėą‚Ėą‚Ėą‚Ėą‚Ėą‚Ėą‚Ėą‚Ėąd_P‚Ėą‚Ėą‚Ėą‚Ėą‚Ėą‚Ėą‚Ėą‚Ėą‚Ėą‚Ėą‚Ėą‚Ėą,shirts,112.0,687.0
18970712,Tommy Hilfiger,4.5,3299,40.0,1979.0,PVH‚Ėą‚Ėą‚ĖąVIN‚Ėą‚Ėą‚ĖąASH‚Ėą‚Ėą‚Ėą‚Ėą‚Ėą‚Ėą‚Ėą‚Ėą‚ĖąTE ‚Ėą‚Ėą‚Ėą‚Ėą‚Ėą‚Ėą‚Ėą‚Ėą‚Ėą‚Ėą‚Ėą‚Ėą‚Ėą‚Ėą‚Ėą,shirts,1320.0,1979.0
18960126,The Indian Garage Co,4.1,1749,74.0,454.0,Tru‚Ėą‚Ėą‚Ėąt C‚Ėą‚Ėą‚Ėąerc‚Ėą‚Ėą‚Ėą,shirts,1295.0,454.0
18970848,Tommy Hilfiger,4.6,2799,40.0,1679.0,PVH‚Ėą‚Ėą‚ĖąVIN‚Ėą‚Ėą‚ĖąASH‚Ėą‚Ėą‚Ėą‚Ėą‚Ėą‚Ėą‚Ėą‚Ėą‚ĖąTE ‚Ėą‚Ėą‚Ėą‚Ėą‚Ėą‚Ėą‚Ėą‚Ėą‚Ėą‚Ėą‚Ėą‚Ėą‚Ėą‚Ėą‚Ėą,shirts,1120.0,1679.0
18969276,Ruhaans,4.1,1399,54.0,643.0,SHI‚Ėą‚Ėą‚ĖąBOA‚Ėą‚Ėą‚ĖąRAD‚Ėą‚Ėą‚Ėą‚Ėą‚Ėą‚Ėą‚Ėą‚Ėą‚Ėą,shirts,756.0,643.0
13692652,M&H Our Water,4.2,2499,0.0,2499.0,Unknown,shirts,0.0,2499.0
13768790,Nautica,4.3,3299,50.0,3299.0,Unknown,shirts,0.0,3299.0
13453254,DENNISON,4.6,2199,74.0,2199.0,Unknown,shirts,0.0,2199.0
18450788,Nautica,4.3,4299,0.0,4299.0,Unknown,shirts,0.0,4299.0
18690268,Dennis Lingo,4.6,1999,80.0,1999.0,Unknown,shirts,0.0,1999.0
13770578,Nautica,4.4,2799,50.0,2799.0,Unknown,shirts,0.0,2799.0
13675502,Flying Machine,4.1,1799,0.0,1799.0,Unknown,shirts,0.0,1799.0
13775106,RARE RABBIT,4.4,3299,50.0,3299.0,Unknown,shirts,0.0,3299.0
13470886,Roadster,4.1,1399,0.0,1399.0,Unknown,shirts,0.0,1399.0
13722850,Roadster,4.4,1999,50.0,999.0,Tru‚Ėą‚Ėą‚Ėąt C‚Ėą‚Ėą‚Ėąerc‚Ėą‚Ėą‚Ėą,shirts,1000.0,999.0
18443082,Marks & Spencer,4.3,1999,15.0,1699.0,Ret‚Ėą‚Ėą‚ĖąNet‚Ėą‚Ėą‚Ėą,shirts,300.0,1699.0
20042586,Flying Machine,4.4,1799,45.0,1799.0,Unknown,shirts,0.0,1799.0
20308496,Arrow,4.3,2499,0.0,2499.0,Unknown,shirts,0.0,2499.0
20308670,Arrow,4.7,2399,40.0,1199.0,ARV‚Ėą‚Ėą‚Ėą LI‚Ėą‚Ėą‚ĖąTYL‚Ėą‚Ėą‚Ėą‚Ėą‚Ėą‚Ėą‚Ėą‚Ėą‚ĖąLIM‚Ėą‚Ėą‚Ėą‚Ėą‚Ėą‚Ėą,shirts,1200.0,1199.0
19999300,Dennis Lingo,4.4,2499,74.0,2499.0,Unknown,shirts,0.0,2499.0
19276504,Turtle,4.7,1399,40.0,839.0,Tur‚Ėą‚Ėą‚Ėą Li‚Ėą‚Ėą‚Ėąed,shirts,560.0,839.0
19299798,Louis Philippe,4.4,2799,0.0,2519.0,Ret‚Ėą‚Ėą‚ĖąNet‚Ėą‚Ėą‚Ėą,shirts,280.0,2519.0
18903374,Levis,4.6,2599,45.0,2079.0,Vis‚Ėą‚Ėą‚Ėą St‚Ėą‚Ėą‚Ėą,shirts,520.0,2079.0
18947596,KASSUALLY,4.7,1799,67.0,593.0,Khu‚Ėą‚Ėą‚Ėąr A‚Ėą‚Ėą‚Ėąarl‚Ėą‚Ėą‚Ėą,shorts,1206.0,593.0
18946864,Cub McPaws,4.5,1499,53.0,699.0,Poc‚Ėą‚Ėą‚Ėąuch‚Ėą‚Ėą‚ĖąKid‚Ėą‚Ėą‚Ėą‚Ėą‚Ėą‚Ėą‚Ėą‚Ėą‚Ėą,shorts,800.0,699.0
18921438,Gini and Jony,4.6,1599,25.0,959.0,Ret‚Ėą‚Ėą‚ĖąNet‚Ėą‚Ėą‚Ėą,shorts,640.0,959.0
13624708,Nike,4.4,1795,0.0,1795.0,Unknown,shorts,0.0,1795.0
18645102,DChica,4.3,599,53.0,599.0,Unknown,shorts,0.0,599.0
13695234,HRX by Hrithik Roshan,4.4,1499,30.0,1049.0,Omn‚Ėą‚Ėą‚Ėąch ‚Ėą‚Ėą‚Ėąail‚Ėą‚Ėą‚Ėą,shorts,450.0,1049.0
13610026,HRX by Hrithik Roshan,4.2,1899,40.0,1139.0,Omn‚Ėą‚Ėą‚Ėąch ‚Ėą‚Ėą‚Ėąail‚Ėą‚Ėą‚Ėą,shorts,760.0,1139.0
14561272,ASICS,5.0,2299,50.0,1149.0,Spo‚Ėą‚Ėą‚Ėą IQ‚Ėą‚Ėą‚Ėą,shorts,1150.0,1149.0
14494548,CUTECUMBER,4.3,650,0.0,650.0,CUT‚Ėą‚Ėą‚ĖąMBE‚Ėą‚Ėą‚ĖąESI‚Ėą‚Ėą‚Ėą‚Ėą‚Ėą‚Ėą‚Ėą‚Ėą‚ĖąTD,shorts,0.0,650.0
14496210,CUTECUMBER,4.6,650,0.0,650.0,CUT‚Ėą‚Ėą‚ĖąMBE‚Ėą‚Ėą‚ĖąESI‚Ėą‚Ėą‚Ėą‚Ėą‚Ėą‚Ėą‚Ėą‚Ėą‚ĖąTD,shorts,0.0,650.0
18942852,FITINC,4.4,999,55.0,449.0,Fit‚Ėą‚Ėą‚Ėą Ap‚Ėą‚Ėą‚Ėąels‚Ėą‚Ėą‚Ėą‚Ėą‚Ėą‚Ėą‚Ėą‚Ėą‚ĖąLim‚Ėą‚Ėą‚Ėą‚Ėą‚Ėą‚Ėą,shorts,550.0,449.0
18650484,CLUB A9,4.5,699,54.0,321.0,ADI‚Ėą‚Ėą‚Ėą AP‚Ėą‚Ėą‚ĖąELS‚Ėą‚Ėą‚Ėą,shorts,378.0,321.0
19024468,Blackberrys,4.1,1695,40.0,1017.0,Moh‚Ėą‚Ėą‚ĖąClo‚Ėą‚Ėą‚Ėąng ‚Ėą‚Ėą‚Ėą‚Ėą‚Ėą‚Ėą‚Ėą‚Ėą‚ĖąLtd‚Ėą‚Ėą‚Ėą,shorts,678.0,1017.0
17332648,Tommy Hilfiger,4.7,2999,40.0,1499.0,Fla‚Ėą‚Ėą‚Ėąech‚Ėą‚Ėą‚Ėątai‚Ėą‚Ėą‚Ėą,shorts,1500.0,1499.0
15177608,HRX by Hrithik Roshan,4.5,1399,30.0,979.0,Omn‚Ėą‚Ėą‚Ėąch ‚Ėą‚Ėą‚Ėąail‚Ėą‚Ėą‚Ėą,shorts,420.0,979.0
18947600,KASSUALLY,4.7,1899,66.0,645.0,Khu‚Ėą‚Ėą‚Ėąr A‚Ėą‚Ėą‚Ėąarl‚Ėą‚Ėą‚Ėą‚Ėą‚Ėą‚Ėą‚Ėą‚Ėą‚Ėą,shorts,1254.0,645.0
18658050,Allen Solly,4.6,1799,40.0,1079.0,Wes‚Ėą‚Ėą‚Ėąry ‚Ėą‚Ėą‚Ėądin‚Ėą‚Ėą‚Ėą‚Ėą‚Ėą‚Ėą‚Ėą‚Ėą‚Ėąd_M‚Ėą‚Ėą‚Ėą‚Ėą‚Ėą‚Ėą,shorts,720.0,1079.0
13572038,Shae by SASSAFRAS,4.3,1999,60.0,799.0,ARD‚Ėą‚Ėą‚Ėą Re‚Ėą‚Ėą‚Ėąl C‚Ėą‚Ėą‚Ėą,skirts,1200.0,799.0
17367638,Berrylush,4.3,1199,26.0,983.0,AJN‚Ėą‚Ėą‚ĖąS T‚Ėą‚Ėą‚Ėą SO‚Ėą‚Ėą‚Ėą‚Ėą‚Ėą‚Ėą‚Ėą‚Ėą‚ĖąRIV‚Ėą‚Ėą‚Ėą‚Ėą‚Ėą‚Ėą‚Ėą‚Ėą‚Ėą‚Ėą‚Ėą‚Ėą,skirts,216.0,983.0
17306258,Purple Feather,4.2,1499,71.0,434.0,RD ‚Ėą‚Ėą‚ĖąERP‚Ėą‚Ėą‚ĖąES,skirts,1065.0,434.0
17367634,Berrylush,4.3,1399,74.0,363.0,Sup‚Ėą‚Ėą‚Ėąom ‚Ėą‚Ėą‚Ėą,skirts,1036.0,363.0
13686682,Campus,4.1,799,6.0,751.0,CAM‚Ėą‚Ėą‚Ėą AC‚Ėą‚Ėą‚ĖąEWE‚Ėą‚Ėą‚Ėą‚Ėą‚Ėą‚Ėą‚Ėą‚Ėą‚ĖąD,sports-shoes,48.0,751.0
10667394,Campus,4.1,1499,37.0,944.0,CAM‚Ėą‚Ėą‚Ėą AC‚Ėą‚Ėą‚ĖąEWE‚Ėą‚Ėą‚Ėą‚Ėą‚Ėą‚Ėą‚Ėą‚Ėą‚ĖąD,sports-shoes,555.0,944.0
20071104,ADIDAS,4.5,4299,0.0,2794.0,Fla‚Ėą‚Ėą‚Ėątar‚Ėą‚Ėą‚Ėąmme‚Ėą‚Ėą‚Ėą‚Ėą‚Ėą‚Ėą,sports-shoes,1505.0,2794.0
20072084,ADIDAS,4.1,5999,0.0,3599.0,Fla‚Ėą‚Ėą‚Ėątar‚Ėą‚Ėą‚Ėąmme‚Ėą‚Ėą‚Ėą‚Ėą‚Ėą‚Ėą,sports-shoes,2400.0,3599.0
20071558,ADIDAS,4.1,3599,0.0,2339.0,Fla‚Ėą‚Ėą‚Ėątar‚Ėą‚Ėą‚Ėąmme‚Ėą‚Ėą‚Ėą‚Ėą‚Ėą‚Ėą,sports-shoes,1260.0,2339.0
20071402,ADIDAS,4.5,4599,0.0,4599.0,Fla‚Ėą‚Ėą‚Ėątar‚Ėą‚Ėą‚Ėąmme‚Ėą‚Ėą‚Ėą‚Ėą‚Ėą‚Ėą,sports-shoes,0.0,4599.0
20070948,ADIDAS,4.1,5999,0.0,5999.0,Fla‚Ėą‚Ėą‚Ėątar‚Ėą‚Ėą‚Ėąmme‚Ėą‚Ėą‚Ėą‚Ėą‚Ėą‚Ėą,sports-shoes,0.0,5999.0
20070966,ADIDAS,4.2,4799,0.0,2879.0,Fla‚Ėą‚Ėą‚Ėątar‚Ėą‚Ėą‚Ėąmme‚Ėą‚Ėą‚Ėą‚Ėą‚Ėą‚Ėą,sports-shoes,1920.0,2879.0
20071236,ADIDAS,4.3,5299,0.0,5299.0,Fla‚Ėą‚Ėą‚Ėątar‚Ėą‚Ėą‚Ėąmme‚Ėą‚Ėą‚Ėą‚Ėą‚Ėą‚Ėą,sports-shoes,0.0,5299.0
14208408,TRASE,4.2,999,0.0,999.0,Unknown,sports-shoes,0.0,999.0
11441718,Duke,4.2,2695,75.0,2695.0,Unknown,sports-shoes,0.0,2695.0
11627996,Yuuki,4.2,2999,67.0,2999.0,Unknown,sports-shoes,0.0,2999.0
11986876,FAUSTO,4.3,899,1.0,899.0,Unknown,sports-shoes,0.0,899.0
19334942,ELEVAR,4.3,5490,0.0,5490.0,Unknown,sports-shoes,0.0,5490.0
13484354,Puma,4.3,12999,0.0,12999.0,Pum‚Ėą‚Ėą‚Ėąpor‚Ėą‚Ėą‚ĖąInd‚Ėą‚Ėą‚Ėą‚Ėą‚Ėą‚Ėą‚Ėą‚Ėą‚Ėątd.‚Ėą‚Ėą‚Ėą‚Ėą‚Ėą‚Ėą‚Ėą‚Ėą‚Ėą,sports-shoes,0.0,12999.0
11960808,Campus,4.2,1499,56.0,659.0,CAM‚Ėą‚Ėą‚Ėą AC‚Ėą‚Ėą‚ĖąEWE‚Ėą‚Ėą‚Ėą‚Ėą‚Ėą‚Ėą‚Ėą‚Ėą‚ĖąD,sports-shoes,840.0,659.0
19102564,Puma,4.3,11999,25.0,11999.0,Omn‚Ėą‚Ėą‚Ėąch ‚Ėą‚Ėą‚Ėąail‚Ėą‚Ėą‚Ėą,sports-shoes,0.0,11999.0
14208394,TRASE,4.5,999,0.0,999.0,Unknown,sports-shoes,0.0,999.0
16880520,PUMA Hoops,4.1,8999,55.0,4049.0,Sup‚Ėą‚Ėą‚Ėąom ‚Ėą‚Ėą‚Ėą,sports-shoes,4950.0,4049.0
18356356,Nautica,4.4,5499,60.0,2199.0,Tru‚Ėą‚Ėą‚Ėąt C‚Ėą‚Ėą‚Ėąerc‚Ėą‚Ėą‚Ėą,sports-shoes,3300.0,2199.0
18906230,Skechers,4.5,7499,40.0,4499.0,Sup‚Ėą‚Ėą‚Ėąom ‚Ėą‚Ėą‚Ėą,sports-shoes,3000.0,4499.0
18373464,ADIDAS,4.1,3599,0.0,3599.0,Fla‚Ėą‚Ėą‚Ėątar‚Ėą‚Ėą‚Ėąmme‚Ėą‚Ėą‚Ėą‚Ėą‚Ėą‚Ėą,sports-shoes,0.0,3599.0
16824638,Puma,4.3,9999,50.0,4999.0,Pum‚Ėą‚Ėą‚Ėąpor‚Ėą‚Ėą‚ĖąInd‚Ėą‚Ėą‚Ėą‚Ėą‚Ėą‚Ėą‚Ėą‚Ėą‚Ėątd.‚Ėą‚Ėą‚Ėą‚Ėą‚Ėą‚Ėą‚Ėą‚Ėą‚Ėą,sports-shoes,5000.0,4999.0
18374802,ADIDAS,4.5,12999,0.0,12999.0,Fla‚Ėą‚Ėą‚Ėątar‚Ėą‚Ėą‚Ėąmme‚Ėą‚Ėą‚Ėą‚Ėą‚Ėą‚Ėą,sports-shoes,0.0,12999.0
16824670,Puma,4.1,9999,45.0,5499.0,Omn‚Ėą‚Ėą‚Ėąch ‚Ėą‚Ėą‚Ėąail‚Ėą‚Ėą‚Ėą,sports-shoes,4500.0,5499.0
18374286,ADIDAS,4.2,5999,0.0,3599.0,Fla‚Ėą‚Ėą‚Ėątar‚Ėą‚Ėą‚Ėąmme‚Ėą‚Ėą‚Ėą‚Ėą‚Ėą‚Ėą,sports-shoes,2400.0,3599.0
18373646,ADIDAS,4.3,3799,35.0,2469.0,Fla‚Ėą‚Ėą‚Ėątar‚Ėą‚Ėą‚Ėąmme‚Ėą‚Ėą‚Ėą‚Ėą‚Ėą‚Ėą,sports-shoes,1330.0,2469.0
18373380,ADIDAS,4.2,4799,35.0,3119.0,Fla‚Ėą‚Ėą‚Ėątar‚Ėą‚Ėą‚Ėąmme‚Ėą‚Ėą‚Ėą‚Ėą‚Ėą‚Ėą,sports-shoes,1680.0,3119.0
16864474,Puma,5.0,6999,20.0,5599.0,Pum‚Ėą‚Ėą‚Ėąpor‚Ėą‚Ėą‚ĖąInd‚Ėą‚Ėą‚Ėą‚Ėą‚Ėą‚Ėą‚Ėą‚Ėą‚Ėątd.‚Ėą‚Ėą‚Ėą‚Ėą‚Ėą‚Ėą‚Ėą‚Ėą‚Ėą,sports-shoes,1400.0,5599.0
18374978,ADIDAS,4.4,4999,0.0,3249.0,Fla‚Ėą‚Ėą‚Ėątar‚Ėą‚Ėą‚Ėąmme‚Ėą‚Ėą‚Ėą‚Ėą‚Ėą‚Ėą,sports-shoes,1750.0,3249.0
18906226,Skechers,4.4,6499,40.0,3899.0,Sup‚Ėą‚Ėą‚Ėąom ‚Ėą‚Ėą‚Ėą,sports-shoes,2600.0,3899.0
18374614,ADIDAS,4.3,18999,25.0,14249.0,Fla‚Ėą‚Ėą‚Ėątar‚Ėą‚Ėą‚Ėąmme‚Ėą‚Ėą‚Ėą‚Ėą‚Ėą‚Ėą,sports-shoes,4750.0,14249.0
16305908,Campus,4.3,1399,10.0,1259.0,CAM‚Ėą‚Ėą‚Ėą AC‚Ėą‚Ėą‚ĖąEWE‚Ėą‚Ėą‚Ėą‚Ėą‚Ėą‚Ėą‚Ėą‚Ėą‚ĖąD,sports-shoes,140.0,1259.0
16279696,Forever Glam by Pantaloons,4.3,1699,38.0,1053.0,Wes‚Ėą‚Ėą‚Ėąry ‚Ėą‚Ėą‚Ėądin‚Ėą‚Ėą‚Ėą‚Ėą‚Ėą‚Ėą‚Ėą‚Ėą‚Ėąd_P‚Ėą‚Ėą‚Ėą‚Ėą‚Ėą‚Ėą‚Ėą‚Ėą‚Ėą‚Ėą‚Ėą‚Ėą,sports-shoes,646.0,1053.0
13072098,Puma,4.7,4499,45.0,2474.0,Omn‚Ėą‚Ėą‚Ėąch ‚Ėą‚Ėą‚Ėąail‚Ėą‚Ėą‚Ėą,sports-shoes,2025.0,2474.0
19298764,Campus,4.6,1299,10.0,909.0,Ret‚Ėą‚Ėą‚ĖąNet‚Ėą‚Ėą‚Ėą,sports-shoes,390.0,909.0
18430170,Roadster,4.3,1499,47.0,1499.0,Unknown,sweaters,0.0,1499.0
10349091,Monte Carlo,4.6,2840,0.0,1420.0,Fla‚Ėą‚Ėą‚Ėąech‚Ėą‚Ėą‚Ėątai‚Ėą‚Ėą‚Ėą,sweaters,1420.0,1420.0
21296678,Marks & Spencer,4.6,3999,60.0,3399.0,Ret‚Ėą‚Ėą‚ĖąNet‚Ėą‚Ėą‚Ėą,sweaters,600.0,3399.0
20721298,Juniors by Lifestyle,4.7,599,35.0,599.0,Unknown,sweaters,0.0,599.0
19432310,Marks & Spencer,4.2,3999,60.0,3999.0,Unknown,sweaters,0.0,3999.0
11843058,MANGO,4.3,2590,25.0,2590.0,Unknown,sweaters,0.0,2590.0
20712132,Trendyol,4.4,3599,10.0,3599.0,Unknown,sweaters,0.0,3599.0
11990920,Roadster,4.3,1699,58.0,1699.0,Unknown,sweaters,0.0,1699.0
19055422,Monte Carlo,4.2,2080,40.0,2080.0,Unknown,sweaters,0.0,2080.0
11990978,Roadster,4.4,1999,61.0,1999.0,Unknown,sweaters,0.0,1999.0
11972948,Mast & Harbour,4.1,1599,0.0,1599.0,Unknown,sweaters,0.0,1599.0
11990952,Roadster,4.3,1699,61.0,1699.0,Unknown,sweaters,0.0,1699.0
14279412,Harvard,4.2,1899,61.0,1899.0,Unknown,sweaters,0.0,1899.0
18241626,Roadster,4.5,1699,62.0,645.0,Tru‚Ėą‚Ėą‚Ėąt C‚Ėą‚Ėą‚Ėąerc‚Ėą‚Ėą‚Ėą,sweaters,1054.0,645.0
18241644,Roadster,4.3,1999,62.0,759.0,Tru‚Ėą‚Ėą‚Ėąt C‚Ėą‚Ėą‚Ėąerc‚Ėą‚Ėą‚Ėą,sweaters,1240.0,759.0
18240570,all about you,4.3,2499,65.0,874.0,Vis‚Ėą‚Ėą‚Ėą St‚Ėą‚Ėą‚Ėą,sweaters,1625.0,874.0
18240582,all about you,4.4,2499,65.0,874.0,Vis‚Ėą‚Ėą‚Ėą St‚Ėą‚Ėą‚Ėą,sweaters,1625.0,874.0
18337610,Roadster,4.3,2299,67.0,758.0,Tru‚Ėą‚Ėą‚Ėąt C‚Ėą‚Ėą‚Ėąerc‚Ėą‚Ėą‚Ėą,sweaters,1541.0,758.0
18241294,Roadster,4.3,1699,5.0,628.0,Tru‚Ėą‚Ėą‚Ėąt C‚Ėą‚Ėą‚Ėąerc‚Ėą‚Ėą‚Ėą,sweaters,1071.0,628.0
18241298,Roadster,4.3,1999,70.0,699.0,Tru‚Ėą‚Ėą‚Ėąt C‚Ėą‚Ėą‚Ėąerc‚Ėą‚Ėą‚Ėą,sweaters,1300.0,699.0
18260104,Mast & Harbour,4.5,2399,66.0,815.0,Tru‚Ėą‚Ėą‚Ėąm R‚Ėą‚Ėą‚Ėąil,sweaters,1584.0,815.0
18820948,Tommy Hilfiger,4.3,5599,40.0,5599.0,Unknown,sweatshirts,0.0,5599.0
18825046,Tommy Hilfiger,4.2,4599,40.0,4599.0,Unknown,sweatshirts,0.0,4599.0
18929548,Mast & Harbour,4.4,1599,52.0,1599.0,Unknown,sweatshirts,0.0,1599.0
9867517,ether,4.1,1299,50.0,1299.0,Unknown,sweatshirts,0.0,1299.0
6510138,Roadster,4.3,1999,50.0,1999.0,Unknown,sweatshirts,0.0,1999.0
18071360,ether,4.2,1399,0.0,1399.0,Unknown,sweatshirts,0.0,1399.0
18825178,Tommy Hilfiger,4.3,4999,40.0,4999.0,Unknown,sweatshirts,0.0,4999.0
18830500,White Snow,4.2,1599,60.0,1599.0,Unknown,sweatshirts,0.0,1599.0
9656079,Sztori,4.2,2499,50.0,2499.0,Unknown,sweatshirts,0.0,2499.0
20389784,SPYKAR,4.6,2999,55.0,2999.0,Unknown,sweatshirts,0.0,2999.0
18820580,Tommy Hilfiger,4.2,5599,40.0,5599.0,Unknown,sweatshirts,0.0,5599.0
10388101,Allen Solly Woman,4.5,1799,50.0,899.0,Wes‚Ėą‚Ėą‚Ėąry ‚Ėą‚Ėą‚Ėądin‚Ėą‚Ėą‚Ėą‚Ėą‚Ėą‚Ėą‚Ėą‚Ėą‚Ėąd_M‚Ėą‚Ėą‚Ėą‚Ėą‚Ėą‚Ėą,sweatshirts,900.0,899.0
17121312,Marks & Spencer,4.5,2499,60.0,2249.0,Ret‚Ėą‚Ėą‚ĖąNet‚Ėą‚Ėą‚Ėą,swim-tops,250.0,2249.0
17844560,DREAM WEAVERZ,4.1,999,50.0,999.0,Unknown,table-covers,0.0,999.0
18937628,her by invictus,4.2,1398,66.0,475.0,Sup‚Ėą‚Ėą‚Ėąom ‚Ėą‚Ėą‚Ėą,tops,923.0,475.0
18990292,HILL STREET,4.5,1699,65.0,594.0,HIL‚Ėą‚Ėą‚ĖąTRE‚Ėą‚Ėą‚ĖąLIF‚Ėą‚Ėą‚Ėą‚Ėą‚Ėą‚Ėą‚Ėą‚Ėą‚Ėą,tops,1105.0,594.0
18972748,Zink London,4.3,1499,65.0,524.0,FRE‚Ėą‚Ėą‚Ėą GL‚Ėą‚Ėą‚ĖąL P‚Ėą‚Ėą‚Ėą‚Ėą‚Ėą‚Ėą‚Ėą‚Ėą‚ĖąMIT‚Ėą‚Ėą‚Ėą,tops,975.0,524.0
18904492,Levis,4.4,2099,20.0,1133.0,Lev‚Ėą‚Ėą‚Ėątra‚Ėą‚Ėą‚Ėą In‚Ėą‚Ėą‚Ėą‚Ėą‚Ėą‚Ėą‚Ėą‚Ėą‚Ėątd,tops,966.0,1133.0
13583566,Chemistry,4.5,1499,0.0,1499.0,Unknown,tops,0.0,1499.0
13611204,Roadster,4.2,1889,58.0,1889.0,Unknown,tops,0.0,1889.0
18657642,max,4.5,399,10.0,399.0,Unknown,tops,0.0,399.0
20222156,CODE by Lifestyle,4.1,799,30.0,799.0,Unknown,tops,0.0,799.0
20222142,CODE by Lifestyle,4.5,499,25.0,499.0,Unknown,tops,0.0,499.0
20092320,Forever New,4.4,3200,65.0,3200.0,Unknown,tops,0.0,3200.0
18639246,Jockey,4.5,329,0.0,329.0,Unknown,tops,0.0,329.0
17628058,Maishi,4.6,1599,64.0,1599.0,Unknown,tops,0.0,1599.0
17628394,ONLY,4.2,2499,65.0,2499.0,Unknown,tops,0.0,2499.0
17178948,FOREVER 21,4.4,1049,50.0,524.0,Wes‚Ėą‚Ėą‚Ėąry ‚Ėą‚Ėą‚Ėądin‚Ėą‚Ėą‚Ėą‚Ėą‚Ėą‚Ėą‚Ėą‚Ėą‚Ėąd_M‚Ėą‚Ėą‚Ėą‚Ėą‚Ėą‚Ėą,tops,525.0,524.0
17108574,4WRD by Dressberry,4.2,1199,64.0,431.0,Sup‚Ėą‚Ėą‚Ėąom ‚Ėą‚Ėą‚Ėą,tops,768.0,431.0
18879656,MANGO,4.3,1990,37.0,1990.0,Unknown,tops,0.0,1990.0
18626976,ONLY,4.2,2299,65.0,2299.0,Unknown,tops,0.0,2299.0
19018090,DressBerry,4.1,799,0.0,799.0,Unknown,tops,0.0,799.0
17268524,H&M,4.4,699,25.0,699.0,Unknown,tops,0.0,699.0
18854764,KAMI KUBI,5.0,1299,62.0,1299.0,Unknown,tops,0.0,1299.0
18904472,Levis,4.4,2299,57.0,1839.0,Vis‚Ėą‚Ėą‚Ėą St‚Ėą‚Ėą‚Ėą,tops,460.0,1839.0
17255462,NEUDIS,4.3,1499,54.0,1499.0,Unknown,tops,0.0,1499.0
17120826,Hancock,4.1,1999,60.0,1999.0,Unknown,tops,0.0,1999.0
18814970,Berrylush,4.6,1299,62.0,1299.0,Unknown,tops,0.0,1299.0
17257582,FableStreet,4.2,1795,45.0,1795.0,Unknown,tops,0.0,1795.0
17255498,NEUDIS,4.1,1499,54.0,1499.0,Unknown,tops,0.0,1499.0
19017944,DressBerry,4.1,799,0.0,799.0,Unknown,tops,0.0,799.0
17114132,HERE&NOW,4.1,999,0.0,999.0,Unknown,tops,0.0,999.0
18948348,Madame,4.2,1899,60.0,1899.0,Unknown,tops,0.0,1899.0
17944580,ONLY,4.2,2299,65.0,2299.0,Unknown,tops,0.0,2299.0
20383782,Chemistry,4.5,1299,0.0,1299.0,Unknown,tops,0.0,1299.0
17938374,CODE by Lifestyle,4.4,999,30.0,999.0,Unknown,tops,0.0,999.0
8675767,MANGO,4.2,3490,55.0,3490.0,Unknown,tops,0.0,3490.0
17973634,InWeave,4.4,2199,75.0,2199.0,Unknown,tops,0.0,2199.0
7117598,ONLY,4.2,1499,0.0,1499.0,Unknown,tops,0.0,1499.0
18847712,KALINI,4.4,1975,70.0,1975.0,Unknown,tops,0.0,1975.0
8365569,Nun,4.9,1495,70.0,1495.0,Unknown,tops,0.0,1495.0
7581747,Annabelle by Pantaloons,4.3,899,25.0,899.0,Unknown,tops,0.0,899.0
9818669,Globus,4.3,999,60.0,999.0,Unknown,tops,0.0,999.0
8367605,Berrylush,4.3,1290,62.0,1290.0,Unknown,tops,0.0,1290.0
7183090,Globus,4.2,1299,69.0,1299.0,Unknown,tops,0.0,1299.0
9557519,MANGO,5.0,2490,35.0,2490.0,Unknown,tops,0.0,2490.0
17976710,MANGO,4.1,3590,0.0,3590.0,Unknown,tops,0.0,3590.0
14340794,MANGO,4.1,2390,27.0,2390.0,Unknown,tops,0.0,2390.0
19410570,H&M,4.3,1499,25.0,1499.0,Unknown,tops,0.0,1499.0
11811068,Honey by Pantaloons,4.4,999,35.0,999.0,Unknown,tops,0.0,999.0
17982570,H&M,4.5,999,25.0,999.0,Unknown,tops,0.0,999.0
17950338,PURVAJA,4.2,2199,81.0,2199.0,Unknown,tops,0.0,2199.0
11876926,AND,4.4,1999,80.0,1999.0,Unknown,tops,0.0,1999.0
11538822,Ajile by Pantaloons,4.2,599,8.0,599.0,Unknown,tops,0.0,599.0
7326508,MISH,4.7,1499,45.0,1499.0,Unknown,tops,0.0,1499.0
586846,Cation,4.5,899,40.0,899.0,Unknown,tops,0.0,899.0
18000968,Harpa,4.4,1049,48.0,1049.0,Unknown,tops,0.0,1049.0
18962100,Nike,4.4,2495,0.0,2495.0,Nik‚Ėą‚Ėą‚Ėąndi‚Ėą‚Ėą‚Ėąriv‚Ėą‚Ėą‚Ėą‚Ėą‚Ėą‚Ėą‚Ėą‚Ėą‚Ėąed,tops,0.0,2495.0
18974594,SPACES,4.3,3799,70.0,1139.0,Omn‚Ėą‚Ėą‚Ėąch ‚Ėą‚Ėą‚Ėąail‚Ėą‚Ėą‚Ėą,towel-set,2660.0,1139.0
18974634,AUSTIVO,4.5,1899,60.0,759.0,FAS‚Ėą‚Ėą‚ĖąN S‚Ėą‚Ėą‚ĖąTS,track-pants,1140.0,759.0
18970176,Allen Solly Junior,4.6,1599,62.0,1039.0,Wes‚Ėą‚Ėą‚Ėąry ‚Ėą‚Ėą‚Ėądin‚Ėą‚Ėą‚Ėą‚Ėą‚Ėą‚Ėą‚Ėą‚Ėą‚Ėąd_M‚Ėą‚Ėą‚Ėą‚Ėą‚Ėą‚Ėą,track-pants,560.0,1039.0
18138806,max,4.6,599,20.0,599.0,Unknown,track-pants,0.0,599.0
18670518,max,4.9,599,20.0,599.0,Unknown,track-pants,0.0,599.0
17628782,Roadster,4.1,1999,0.0,1999.0,Unknown,track-pants,0.0,1999.0
17628712,Roadster,4.3,1799,0.0,1799.0,Unknown,track-pants,0.0,1799.0
18537496,Bannos Swagger,5.0,1699,76.0,1699.0,Unknown,track-pants,0.0,1699.0
18970196,Allen Solly Junior,4.3,1499,30.0,749.0,Wes‚Ėą‚Ėą‚Ėąry ‚Ėą‚Ėą‚Ėądin‚Ėą‚Ėą‚Ėą‚Ėą‚Ėą‚Ėą‚Ėą‚Ėą‚Ėąd_M‚Ėą‚Ėą‚Ėą‚Ėą‚Ėą‚Ėą,track-pants,750.0,749.0
18970104,Allen Solly Junior,4.8,1499,50.0,749.0,Wes‚Ėą‚Ėą‚Ėąry ‚Ėą‚Ėą‚Ėądin‚Ėą‚Ėą‚Ėą‚Ėą‚Ėą‚Ėą‚Ėą‚Ėą‚Ėąd_M‚Ėą‚Ėą‚Ėą‚Ėą‚Ėą‚Ėą,track-pants,750.0,749.0
17663904,Pantaloons Junior,4.6,849,22.0,849.0,Unknown,trousers,0.0,849.0
17760062,H&M,4.2,1499,25.0,1499.0,Unknown,trousers,0.0,1499.0
17647372,bebe,4.2,2899,0.0,2899.0,Unknown,trousers,0.0,2899.0
17760038,H&M,4.3,1299,25.0,1299.0,Unknown,trousers,0.0,1299.0
19289426,Van Heusen Woman,4.1,2499,5.0,1224.0,Wes‚Ėą‚Ėą‚Ėąry ‚Ėą‚Ėą‚Ėądin‚Ėą‚Ėą‚Ėą‚Ėą‚Ėą‚Ėą‚Ėą‚Ėą‚Ėąd_M‚Ėą‚Ėą‚Ėą‚Ėą‚Ėą‚Ėą,trousers,1275.0,1224.0
10019547,XYXX,4.7,1197,14.0,1029.0,XYX‚Ėą‚Ėą‚ĖąPPA‚Ėą‚Ėą‚ĖąS P‚Ėą‚Ėą‚Ėą‚Ėą‚Ėą‚Ėą‚Ėą‚Ėą‚ĖąMIT‚Ėą‚Ėą‚Ėą,trunk,168.0,1029.0
10591036,Van Heusen,4.5,529,0.0,529.0,Wes‚Ėą‚Ėą‚Ėąry ‚Ėą‚Ėą‚Ėądin‚Ėą‚Ėą‚Ėą‚Ėą‚Ėą‚Ėą‚Ėą‚Ėą‚Ėąd_M‚Ėą‚Ėą‚Ėą‚Ėą‚Ėą‚Ėą,trunk,0.0,529.0
20042464,XYXX,4.2,339,24.0,257.0,XYX‚Ėą‚Ėą‚ĖąPPA‚Ėą‚Ėą‚ĖąS P‚Ėą‚Ėą‚Ėą‚Ėą‚Ėą‚Ėą‚Ėą‚Ėą‚ĖąMIT‚Ėą‚Ėą‚Ėą,trunk,82.0,257.0
17352320,ether,4.4,1099,47.0,1099.0,Unknown,tshirts,0.0,1099.0
17403950,Mast & Harbour,4.2,899,0.0,899.0,Tru‚Ėą‚Ėą‚Ėąm R‚Ėą‚Ėą‚Ėąil,tshirts,0.0,899.0
8901821,UNDER ARMOUR,4.3,1999,0.0,1999.0,Unknown,tshirts,0.0,1999.0
18817326,Tommy Hilfiger,4.4,2799,40.0,2799.0,Unknown,tshirts,0.0,2799.0
8426447,WROGN,4.2,1599,50.0,1599.0,Unknown,tshirts,0.0,1599.0
20355284,Roadster,4.2,999,53.0,999.0,Unknown,tshirts,0.0,999.0
18818696,Tommy Hilfiger,4.4,1999,40.0,1999.0,Unknown,tshirts,0.0,1999.0
9213113,Roadster,4.1,799,50.0,799.0,Unknown,tshirts,0.0,799.0
13511732,Puma,4.4,3999,0.0,3999.0,Unknown,tshirts,0.0,3999.0
13615634,U.S. Polo Assn.,4.5,1699,40.0,1699.0,Unknown,tshirts,0.0,1699.0
13502414,Puma,4.3,1499,0.0,1499.0,Unknown,tshirts,0.0,1499.0
13621134,Roadster,4.1,1399,50.0,1399.0,Unknown,tshirts,0.0,1399.0
17686030,Allen Solly Tribe,4.3,1499,30.0,1499.0,Unknown,tshirts,0.0,1499.0
13616400,Arrow New York,4.8,899,25.0,674.0,Unknown,tshirts,225.0,674.0
13480864,Aeropostale,4.2,1199,0.0,1199.0,Unknown,tshirts,0.0,1199.0
13622338,Roadster,4.4,899,55.0,404.0,MAI‚Ėą‚Ėą‚Ėą KN‚Ėą‚Ėą‚ĖąEAR‚Ėą‚Ėą‚Ėą,tshirts,495.0,404.0
16277914,Parx,4.9,1399,53.0,699.0,Ray‚Ėą‚Ėą‚Ėąd L‚Ėą‚Ėą‚Ėąted‚Ėą‚Ėą‚Ėą,tshirts,700.0,699.0
16292318,Bewakoof,4.2,1399,60.0,549.0,Bew‚Ėą‚Ėą‚Ėąof ‚Ėą‚Ėą‚Ėąnds‚Ėą‚Ėą‚Ėą‚Ėą‚Ėą‚Ėą‚Ėą‚Ėą‚ĖąLim‚Ėą‚Ėą‚Ėą‚Ėą‚Ėą‚Ėą,tshirts,850.0,549.0
19201678,Tokyo Talkies,4.1,699,58.0,293.0,Vis‚Ėą‚Ėą‚Ėą St‚Ėą‚Ėą‚Ėą,tshirts,406.0,293.0
16923916,Monte Carlo,4.8,835,25.0,835.0,Unknown,tshirts,0.0,835.0
20085320,BULLMER,4.8,3998,80.0,799.0,Bod‚Ėą‚Ėą‚Ėąove‚Ėą‚Ėą‚Ėąpar‚Ėą‚Ėą‚Ėą‚Ėą‚Ėą‚Ėą‚Ėą‚Ėą‚Ėą,tshirts,3199.0,799.0
12987894,AMERICAN EAGLE OUTFITTERS,4.4,1799,80.0,359.0,Wes‚Ėą‚Ėą‚Ėąry ‚Ėą‚Ėą‚Ėądin‚Ėą‚Ėą‚Ėą‚Ėą‚Ėą‚Ėą‚Ėą‚Ėą‚Ėąd_M‚Ėą‚Ėą‚Ėą‚Ėą‚Ėą‚Ėą,tshirts,1440.0,359.0
12953958,Allen Solly,4.4,999,40.0,599.0,Wes‚Ėą‚Ėą‚Ėąry ‚Ėą‚Ėą‚Ėądin‚Ėą‚Ėą‚Ėą‚Ėą‚Ėą‚Ėą‚Ėą‚Ėą‚Ėąd_M‚Ėą‚Ėą‚Ėą‚Ėą‚Ėą‚Ėą,tshirts,400.0,599.0
22629260,max,4.4,799,40.0,479.0,Lan‚Ėą‚Ėą‚Ėąrk ‚Ėą‚Ėą‚Ėąine‚Ėą‚Ėą‚Ėą‚Ėą‚Ėą‚Ėą‚Ėą‚Ėą‚Ėąt L‚Ėą‚Ėą‚Ėą,tshirts,320.0,479.0
19291812,Mad Over Print,4.8,1599,58.0,671.0,MAD‚Ėą‚Ėą‚ĖąR P‚Ėą‚Ėą‚ĖąT P‚Ėą‚Ėą‚Ėą‚Ėą‚Ėą‚Ėą‚Ėą‚Ėą‚ĖąMIT‚Ėą‚Ėą‚Ėą,tshirts,928.0,671.0
19206288,FERANOID,4.2,1199,50.0,599.0,Fer‚Ėą‚Ėą‚Ėąid,tshirts,600.0,599.0
16287616,Juniper,4.3,1299,51.0,636.0,AMA‚Ėą‚Ėą‚ĖąXPO‚Ėą‚Ėą‚Ėą IN‚Ėą‚Ėą‚Ėą‚Ėą‚Ėą‚Ėą‚Ėą‚Ėą‚ĖąAL ‚Ėą‚Ėą‚Ėą‚Ėą‚Ėą‚Ėą‚Ėą‚Ėą‚Ėą,tunics,663.0,636.0
16287462,Juniper,4.3,1299,43.0,740.0,AMA‚Ėą‚Ėą‚ĖąXPO‚Ėą‚Ėą‚Ėą IN‚Ėą‚Ėą‚Ėą‚Ėą‚Ėą‚Ėą‚Ėą‚Ėą‚ĖąAL,tunics,559.0,740.0
16293014,Nayo,4.2,1199,43.0,683.0,Bhu‚Ėą‚Ėą‚ĖąE R‚Ėą‚Ėą‚Ėąil ‚Ėą‚Ėą‚Ėą‚Ėą‚Ėą‚Ėą‚Ėą‚Ėą‚Ėą,tunics,516.0,683.0
16293018,Nayo,4.3,1199,43.0,683.0,Bhu‚Ėą‚Ėą‚ĖąE R‚Ėą‚Ėą‚Ėąil ‚Ėą‚Ėą‚Ėą‚Ėą‚Ėą‚Ėą‚Ėą‚Ėą‚Ėą,tunics,516.0,683.0
17716590,Tommy Hilfiger,4.5,4299,40.0,4299.0,Unknown,wallets,0.0,4299.0
9452773,Louis Philippe,4.3,1799,25.0,1799.0,Unknown,wallets,0.0,1799.0
18864968,Lavie,4.4,1999,65.0,1999.0,Unknown,wallets,0.0,1999.0
9029979,Hidesign,4.4,2595,0.0,2595.0,Unknown,wallets,0.0,2595.0
16295388,LOUIS STITCH,4.4,4200,75.0,1050.0,Gun‚Ėą‚Ėą‚Ėąal ‚Ėą‚Ėą‚Ėątch‚Ėą‚Ėą‚Ėą‚Ėą‚Ėą‚Ėą‚Ėą‚Ėą‚ĖąE L‚Ėą‚Ėą‚Ėą‚Ėą‚Ėą‚Ėą‚Ėą‚Ėą‚Ėą,wallets,3150.0,1050.0
17981742,MVMT,4.5,20832,50.0,10416.0,Sup‚Ėą‚Ėą‚Ėąom ‚Ėą‚Ėą‚Ėą,watches,10416.0,10416.0
17697474,Timex,4.9,1995,20.0,1596.0,TIM‚Ėą‚Ėą‚ĖąT R‚Ėą‚Ėą‚ĖąIL ‚Ėą‚Ėą‚Ėą‚Ėą‚Ėą‚Ėą‚Ėą‚Ėą‚ĖąRIV‚Ėą‚Ėą‚Ėą‚Ėą‚Ėą‚Ėą‚Ėą‚Ėą‚Ėą‚Ėą‚Ėą‚Ėą,watches,399.0,1596.0
8076639,French Connection,4.4,6250,60.0,6250.0,Unknown,watches,0.0,6250.0
21948792,Adwitiya Collection,4.1,9709,72.0,9709.0,Unknown,watches,0.0,9709.0
2466414,Daniel Klein,4.4,6950,53.0,3266.0,DES‚Ėą‚Ėą‚ĖąER ‚Ėą‚Ėą‚ĖąGRE‚Ėą‚Ėą‚Ėą‚Ėą‚Ėą‚Ėą‚Ėą‚Ėą‚ĖąIA ‚Ėą‚Ėą‚Ėą‚Ėą‚Ėą‚Ėą,watches,3684.0,3266.0
11791782,CASIO,4.6,3595,10.0,3235.0,Fla‚Ėą‚Ėą‚Ėąech‚Ėą‚Ėą‚Ėątai‚Ėą‚Ėą‚Ėą,watches,360.0,3235.0
8481603,French Connection,4.5,6250,70.0,6250.0,Unknown,watches,0.0,6250.0
16896006,GUESS,5.0,8900,45.0,8900.0,Unknown,watches,0.0,8900.0
19280114,Fastrack,4.3,3295,20.0,2636.0,Tru‚Ėą‚Ėą‚Ėąm R‚Ėą‚Ėą‚Ėąil,watches,659.0,2636.0
